period_begin,period_end,period_duration,region_type,region_type_id,table_id,is_seasonally_adjusted,region,city,state,state_code,property_type,property_type_id,median_sale_price,median_sale_price_mom,median_sale_price_yoy,median_list_price,median_list_price_mom,median_list_price_yoy,median_ppsf,median_ppsf_mom,median_ppsf_yoy,median_list_ppsf,median_list_ppsf_mom,median_list_ppsf_yoy,homes_sold,homes_sold_mom,homes_sold_yoy,pending_sales,pending_sales_mom,pending_sales_yoy,new_listings,new_listings_mom,new_listings_yoy,inventory,inventory_mom,inventory_yoy,months_of_supply,months_of_supply_mom,months_of_supply_yoy,median_dom,median_dom_mom,median_dom_yoy,avg_sale_to_list,avg_sale_to_list_mom,avg_sale_to_list_yoy,sold_above_list,sold_above_list_mom,sold_above_list_yoy,price_drops,price_drops_mom,price_drops_yoy,off_market_in_two_weeks,off_market_in_two_weeks_mom,off_market_in_two_weeks_yoy,parent_metro_region,parent_metro_region_metro_code,last_updated,year,month,county,price_segment,geography,mortgage_rate,median_hhi,population,transactions_entry,transactions_mid_luxury,transactions_luxury,median_sale_price_sdf_entry,median_sale_price_sdf_mid_luxury,median_sale_price_sdf_luxury,transactions_total,rate_gap,monthly_payment,affordability_ratio,afford_stressed,post,treated,did,time_id,county_id,trans_per_capita
2024-05-01,2024-05-31,30,county,5,845,FALSE,"Hendricks County, IN",NA,Indiana,IN,Single Family Residential,6,360000,0.02886539011,0.1026033691,355000,-0.01388888889,0.06128550075,158.821929391,0.0121549864,0.006064730906,158.452297352,-0.03131739867,0.02319728183,204,-0.02392344498,-0.1130434783,252,0.0243902439,0.01204819277,236,-0.06349206349,0.004255319149,366,0.07331378299,0.6339285714,1.8,0.2,0.8,17,0,10,0.9877254174,-0.002774857867,-0.0157282841,0.1764705882,-0.04362510554,-0.2148337596,0.4426229508,-0.01485505505,0.05869437939,0.4563492063,0.01732481611,-0.1822050105,"Indianapolis, IN",26900,2026-04-14 14:25:48.665 Z,2024,5,Hendricks,entry,suburb,7.06,99988,179379,370,224,0,299900,456000,0,594,4.06,1927.6903925771699,0.23135060918236225,0,1,1,1,202405,3,3.3114244142290907
2022-03-01,2022-03-31,30,county,5,854,FALSE,"Johnson County, IN",NA,Indiana,IN,Single Family Residential,6,290500,0.04684684685,0.2004132231,292000,0.007243877199,0.2166666667,152.168152009,0.05237787371,0.2807486127,146.124825273,-0.03794574496,0.162836712,222,0.4701986755,0.05213270142,266,0.2606635071,-0.01481481481,238,0.4082840237,0.07692307692,133,0.09016393443,0.2429906542,0.6,-0.2,0.1,5,0,1,1.015069964,0.004465122646,0.01116999117,0.5135135135,0.03669232146,0.1059305751,0.2255639098,0.06982620486,-0.09219309957,0.7030075188,0.06319709226,0.05485937065,"Indianapolis, IN",26900,2026-04-14 14:25:48.665 Z,2022,3,Johnson,entry,suburb,4.17,87227,163983,291,89,3,235000,437150,1275000,383,1.17,1132.410360412887,0.15578805100432944,0,0,1,0,202203,4,2.3356079593616412
2021-04-01,2021-04-30,30,county,5,854,FALSE,"Johnson County, IN",NA,Indiana,IN,Single Family Residential,6,250000,0.03305785124,0.1587485516,249900,0.04125,0.136425648,128.133704735,0.07845868152,0.2065640016,127.320954907,0.01319868333,0.1388006235,249,0.1800947867,0.004032258065,287,0.06296296296,0.3411214953,265,0.1990950226,0.3659793814,136,0.2710280374,-0.5261324042,0.5,0,-0.7,4,0,-4,1.007941768,0.004041794512,0.01701418335,0.4578313253,0.05024838691,0.1957345511,0.2279411765,-0.08981583288,-0.07867903259,0.7491289199,0.1009807717,0.1743625647,"Indianapolis, IN",26900,2026-04-14 14:25:48.665 Z,2021,4,Johnson,entry,suburb,3.06,87227,163983,734,83,6,215000,470000,1510000,823,0.06000000000000005,849.6937375872872,0.11689413657522837,0,0,1,0,202104,4,5.018812925730106
2025-01-01,2025-01-31,30,county,5,842,FALSE,"Hamilton County, IN",NA,Indiana,IN,Single Family Residential,6,460000,-0.03462749213,0.06151478159,449550,0.07049732703,0.07035714286,166.708818075,-0.01229506711,0.02102318742,176.271877286,0.01270193835,0.002309012999,296,-0.3287981859,-0.02950819672,426,0.2909090909,0.05445544554,303,0.2520661157,-0.02258064516,589,-0.1222056632,0.178,2,0.5,0.4,36,7,1,0.9818888694,-0.002880885959,0.002660559765,0.1621621622,-0.00110314396,0.0474080638,0.2954159593,0.04802400694,-0.05058404075,0.2816901408,0.01502347418,-0.05741877005,"Indianapolis, IN",26900,2026-04-14 14:25:48.665 Z,2025,1,Hamilton,mid_luxury,suburb,6.96,117957,357176,834,776,42,275000,523281,1300000,1652,3.96,2438.4352711516044,0.2480668655003031,0,1,1,1,202501,2,4.625170784151231
2021-11-01,2021-11-30,30,county,5,845,FALSE,"Hendricks County, IN",NA,Indiana,IN,Single Family Residential,6,309192.5,0.128439781,0.1965654025,309900,0.04731328151,0.29125,132.206636482,-0.02631991461,0.1593505045,144.472543353,0.02102063766,0.2621107889,260,-0.1849529781,-0.02621722846,244,-0.119133574,-0.05791505792,187,-0.2304526749,-0.05076142132,196,-0.06220095694,-0.06666666667,0.8,0.1,0,5,0,-1,1.010210341,-0.003787124678,0.01432757421,0.4730769231,-0.05670364119,0.1472342264,0.4540816327,0.2100624939,0.06360544218,0.5409836066,-0.0799550216,-0.06519399962,"Indianapolis, IN",26900,2026-04-14 14:25:48.665 Z,2021,11,Hendricks,entry,suburb,3.07,99988,179379,489,121,2,263000,432000,2609800,612,0.06999999999999984,1052.2159131880258,0.1262810633101603,0,0,1,0,202111,3,3.4117706085996686
2023-05-01,2023-05-31,30,county,5,842,FALSE,"Hamilton County, IN",NA,Indiana,IN,Single Family Residential,6,450000,0,0.05448154657,439900,0.03505882353,0.09975,164.772727273,-0.006827439197,0.03055873896,169.175351242,0.01803755483,0.08783473279,533,0.2600472813,-0.2297687861,596,0.1848906561,-0.252195734,589,0.3059866962,-0.1739130435,516,0.1390728477,0.1569506726,1,-0.1,0.4,5,-2,1,1.004232512,0.001673289867,-0.03933404508,0.4033771107,0.02985465207,-0.2194552592,0.3972868217,0.1257636429,0.1349549831,0.6191275168,0.03861061817,-0.1311861595,"Indianapolis, IN",26900,2026-04-14 14:25:48.665 Z,2023,5,Hamilton,mid_luxury,suburb,6.43,117957,357176,850,1020,55,300000,495000,1288443,1925,3.4299999999999997,2258.897448217041,0.22980212601714603,0,1,1,1,202305,2,5.38949985441351
2023-09-01,2023-09-30,30,county,5,819,FALSE,"Boone County, IN",NA,Indiana,IN,Single Family Residential,6,392990,0.02075324675,0.1245957934,349999.5,-0.1171660991,-0.01380811496,162.039374054,0.003112943354,-0.001857722908,158.913862992,-0.09026681322,0.009985884794,101,-0.3082191781,-0.2290076336,104,-0.03703703704,0,96,-0.2195121951,-0.02040816327,182,0.04,-0.1534883721,1.8,0.6,0.2,19,5,3,0.990454829,-9.251551832e-4,-0.005195891585,0.198019802,-0.007459650075,-0.03098783161,0.5054945055,0.1626373626,0.02642473805,0.375,-0.0787037037,-0.1057692308,"Indianapolis, IN",26900,2026-04-14 14:25:48.665 Z,2023,9,Boone,mid_luxury,suburb,7.2,104865,72827,113,86,11,295000,439995,1600000,210,4.2,2134.0558275089506,0.24420607381020748,0,1,1,1,202309,1,2.883545937633021
2022-07-01,2022-07-31,30,county,5,862,FALSE,"Marion County, IN",NA,Indiana,IN,Single Family Residential,6,250000,0.004016064257,0.1368804002,230000,-0.04126719466,0.1219512195,131.889137254,-0.02641836864,0.1298737855,131.498653875,0.01817529143,0.1592689871,1384,-0.06359945873,-0.1229404309,1506,-0.1130742049,-0.07889908257,1571,-0.1461956522,-0.06931279621,1801,0.1334172435,0.2119784657,1.3,0.2,0.4,5,0,0,1.009611334,-0.01133894718,-0.00719381241,0.487716763,-0.06370407597,-0.03129464384,0.450860633,0.04997957571,0.06458876219,0.598937583,-0.08421907189,-0.07996149957,"Indianapolis, IN",26900,2026-04-14 14:25:48.665 Z,2022,7,Marion,entry,metro,5.41,63450,971822,1758,259,15,205000,475000,1450000,2032,2.41,1124.3103492078637,0.2126355270369482,0,1,0,0,202207,5,2.0909178841392766
2022-01-01,2022-01-31,30,county,5,862,FALSE,"Marion County, IN",NA,Indiana,IN,Single Family Residential,6,214000,-0.01382488479,0.1790633609,209950,0.04975,0.1997142857,114.306784661,-0.02204195346,0.1390482205,123.906705539,0.04818375227,0.2111411853,939,-0.3377997179,0.02960526316,1250,0.05396290051,-0.04434250765,950,0.1904761905,0.03598691385,936,-0.170212766,-0.1924072476,1,0.2,-0.3,12,5,-1,0.9946356479,-0.004305939501,0.01218029678,0.3961661342,-0.01286066412,0.116560871,0.313034188,0.03200581924,-0.05883811568,0.5056,0.03679730185,0.03847461774,"Indianapolis, IN",26900,2026-04-14 14:25:48.665 Z,2022,1,Marion,entry,metro,3.45,63450,971822,1388,118,6,175000,465000,1425000,1512,0.4500000000000002,763.9942009447801,0.1444906290202894,0,0,0,0,202201,5,1.5558404728437922
2022-06-01,2022-06-30,30,county,5,842,FALSE,"Hamilton County, IN",NA,Indiana,IN,Single Family Residential,6,427220,0.001101347393,0.1546486486,414950,0.037375,0.1857408201,161.423090217,0.009608683706,0.1821397119,156.342311034,0.005315460549,0.1802903043,769,0.1112716763,0.007863695937,768,-0.03638644918,-0.06455542022,889,0.2468443198,0.1500646831,688,0.5426008969,0.6342042755,0.9,0.3,0.3,4,0,0,1.034403851,-0.009162705996,0.004505765971,0.5981794538,-0.02465291611,0.01364472251,0.3255813953,0.06324955678,1.657183892e-4,0.6979166667,-0.05239700962,-0.06700416159,"Indianapolis, IN",26900,2026-04-14 14:25:48.665 Z,2022,6,Hamilton,mid_luxury,suburb,5.52,117957,357176,1492,1591,98,290000,496900,1272000,3181,2.5199999999999996,1944.8574115958806,0.19785420906898757,0,1,1,1,202206,2,8.905973525656819
2023-08-01,2023-08-31,30,county,5,854,FALSE,"Johnson County, IN",NA,Indiana,IN,Single Family Residential,6,315575,0.001825396825,0.08445017182,299999,5.000041667e-6,0.01711815562,153.602033504,0.002221532654,0.02840218622,154.606590451,-0.0368806554,0.05365849945,214,0.07537688442,-0.2161172161,223,-0.0971659919,-0.2414965986,215,0.0487804878,-0.226618705,290,0.0780669145,-0.1495601173,1.4,0,0.2,14,-2,8,0.9888635872,-0.005416579909,-0.01276142765,0.2056074766,-0.08082468417,-0.20098593,0.4724137931,-0.02572747084,-0.04958034179,0.4887892377,0.01915361014,-0.05202708886,"Indianapolis, IN",26900,2026-04-14 14:25:48.665 Z,2023,8,Johnson,entry,suburb,7.07,87227,163983,233,74,2,245500,500000,1165000,309,4.07,1691.5079867531008,0.23270427552291387,0,1,1,1,202308,4,1.8843416695633084
2024-03-01,2024-03-31,30,county,5,862,FALSE,"Marion County, IN",NA,Indiana,IN,Single Family Residential,6,247900,0.05489361702,0.06167023555,259900,0.06081632653,0.08336807003,135.268817204,0.02498032055,0.06010673039,141.757773283,0.03030415485,0.06066643939,951,0.2513157895,-0.09428571429,1248,0.1773584906,-0.02879377432,1132,0.1878279119,0.06994328922,1496,0.008766014835,0.1419847328,1.6,-0.4,0.4,22,-17,0,0.9822648839,0.0112991098,0.001944936419,0.2407991588,0.05527284299,0.003656301637,0.3322192513,0.01866564378,-0.02426929828,0.5216346154,0.06125725689,0.02747119126,"Indianapolis, IN",26900,2026-04-14 14:25:48.665 Z,2024,3,Marion,entry,metro,6.82,63450,971822,1486,185,12,195000,460000,1850000,1683,3.8200000000000003,1295.5412029664428,0.2450196128541736,0,1,0,0,202403,5,1.731798621558269
2024-08-01,2024-08-31,30,county,5,842,FALSE,"Hamilton County, IN",NA,Indiana,IN,Single Family Residential,6,468565,0.007666666667,0.04123241706,429250,0.01,-0.001732578286,172.897260814,-0.01308374368,0.05303901547,174.160731085,-0.02043776584,0.0226222812,492,-0.1182795699,-0.05202312139,513,-0.06727272727,-0.03389830508,474,-0.1698774081,-0.07782101167,782,-0.006353240152,0.2925619835,1.6,0.2,0.4,15,5,6,0.9890724628,-0.004435525877,-0.006156133644,0.2093495935,-0.07559664306,-0.07966774754,0.4322250639,0.0307002863,-0.08182452284,0.4093567251,-0.07064327485,-0.08970165527,"Indianapolis, IN",26900,2026-04-14 14:25:48.665 Z,2024,8,Hamilton,mid_luxury,suburb,6.5,117957,357176,1079,1377,85,300000,525000,1400000,2541,3.5,2369.3196274238503,0.24103559372556274,0,1,1,1,202408,2,7.1141398078258336
2024-04-01,2024-04-30,30,county,5,862,FALSE,"Marion County, IN",NA,Indiana,IN,Single Family Residential,6,250625,0.01099233562,0.0664893617,250000,-0.03809157368,4.00160064e-4,140.931372549,0.04186149818,0.07218377547,142.857142857,0.00775526836,0.04469496357,1036,0.08937960042,0.06038894575,1261,0.01041666667,0.005582137161,1143,0.009717314488,0.06424581006,1550,0.03609625668,0.171579743,1.5,-0.1,0.1,11,-11,-2,0.9903896839,0.008124799992,0.00169834147,0.2982625483,0.05746338948,-0.01596467794,0.4180645161,0.08584526479,0.1036276303,0.5107057891,-0.01092882633,-0.06425433854,"Indianapolis, IN",26900,2026-04-14 14:25:48.665 Z,2024,4,Marion,entry,metro,6.99,63450,971822,1578,185,11,200000,451000,1660001,1774,3.99,1332.5852234041292,0.2520255741662656,0,1,0,0,202404,5,1.8254371685349786
2025-01-01,2025-01-31,30,county,5,854,FALSE,"Johnson County, IN",NA,Indiana,IN,Single Family Residential,6,337306.5,-0.007922058824,0.07765654952,330000,0.1,-0.04357528946,152.551229644,-0.005099968329,-2.939246043e-4,159.230769231,0.04020100503,-0.006166156743,140,-0.2513368984,0.3333333333,210,0.1797752809,0.0396039604,183,0.5,0.2887323944,390,-0.02743142145,0.3732394366,2.8,0.7,0.1,42,12,-4,0.9765947147,-5.350427213e-4,0.002261463771,0.05714285714,-0.07119938885,-0.04761904762,0.3461538462,0.09677728755,0.05390032503,0.2571428571,0.04365971108,-0.005233380481,"Indianapolis, IN",26900,2026-04-14 14:25:48.665 Z,2025,1,Johnson,entry,suburb,6.96,87227,163983,234,90,2,255000,428950,1157500,326,3.96,1788.0436234536928,0.24598488405475727,0,1,1,1,202501,4,1.988010952354817
2023-02-01,2023-02-28,30,county,5,842,FALSE,"Hamilton County, IN",NA,Indiana,IN,Single Family Residential,6,420000,0.002386634845,0.1052631579,415495,0.01340243902,0.1079866667,157.225156025,0.04156281443,0.05859531785,162.641794766,-0.01313963299,0.06132041466,368,0.125382263,-0.05641025641,405,-0.08371040724,-0.08783783784,316,0.02931596091,-0.1073446328,437,-0.08958333333,0.8836206897,1.2,-0.3,0.6,33,1,29,0.9849637454,0.004147885303,-0.04033947627,0.1766304348,0.02678333998,-0.3490105909,0.2356979405,-0.0893020595,0.08483587154,0.4790123457,0.114758952,-0.1854020687,"Indianapolis, IN",26900,2026-04-14 14:25:48.665 Z,2023,2,Hamilton,mid_luxury,suburb,6.26,117957,357176,431,422,17,282000,525000,1250000,870,3.26,2070.99557347372,0.21068649492344363,0,1,1,1,202302,2,2.435773960176496
2023-01-01,2023-01-31,30,county,5,862,FALSE,"Marion County, IN",NA,Indiana,IN,Single Family Residential,6,216200,-0.03911111111,0.01028037383,225000,0.04651162791,0.07168373422,120.636550308,-0.02345430732,0.05537524011,132.896764253,0.04785887353,0.07255506209,582,-0.357615894,-0.3801916933,1034,0.344603381,-0.1728,792,0.1578947368,-0.1663157895,1557,-0.1373961219,0.6634615385,2.7,0.7,1.7,31,9,19,0.9670472514,-0.006757082185,-0.02758839643,0.1597938144,-0.009080357752,-0.2363723198,0.3937058446,0.06018783903,0.08067165654,0.2920696325,-0.06293686946,-0.2135303675,"Indianapolis, IN",26900,2026-04-14 14:25:48.665 Z,2023,1,Marion,entry,metro,6.27,63450,971822,676,66,3,178750,470988.5,1300000,745,3.2699999999999996,1067.195291523895,0.20183362487449552,0,1,0,0,202301,5,0.7666012911829533
2021-06-01,2021-06-30,30,county,5,845,FALSE,"Hendricks County, IN",NA,Indiana,IN,Single Family Residential,6,280100,0.01485507246,0.123095429,285000,0.09615384615,0.14,129.105839416,0.02212512313,0.2292927581,128.032345013,0.02235775586,0.1891549072,291,0.01393728223,-0.07324840764,337,0.1620689655,-0.06906077348,318,0.2183908046,0.1357142857,141,0.119047619,-0.506993007,0.5,0.1,-0.4,4,0,-5,1.029251236,0.003067435898,0.03740972593,0.6048109966,0.008992181233,0.3500339265,0.3191489362,0.1048632219,-0.06546644845,0.7952522255,-0.008196050343,0.226191452,"Indianapolis, IN",26900,2026-04-14 14:25:48.665 Z,2021,6,Hendricks,entry,suburb,2.98,99988,179379,577,82,0,259032,429250,0,659,-0.020000000000000018,942.3150001569406,0.11309137098335087,0,0,1,0,202106,3,3.6737856716784014
2023-09-01,2023-09-30,30,county,5,845,FALSE,"Hendricks County, IN",NA,Indiana,IN,Single Family Residential,6,338490,0.02572727273,0.04150769231,335000,-0.01470443339,0.0534591195,153.624078624,-0.02953134202,0.02477436571,157.302235665,0.0438196486,0.0105866079,187,-0.1834061135,-0.3048327138,220,-0.004524886878,-0.1093117409,220,-0.09836065574,-0.1020408163,353,0.05373134328,-0.0433604336,1.9,0.4,0.5,14,1,7,0.9867028572,-8.058086587e-4,-0.008245588706,0.1711229947,-0.09088573897,-0.1114048864,0.5155807365,0.03796879625,-0.02642468351,0.4181818182,-0.08860551213,-0.04335664336,"Indianapolis, IN",26900,2026-04-14 14:25:48.665 Z,2023,9,Hendricks,entry,suburb,7.2,99988,179379,301,122,1,280000,444997.5,2692000,424,4.2,1838.104168181136,0.2205989720583833,0,1,1,1,202309,3,2.363710356284738
2022-04-01,2022-04-30,30,county,5,845,FALSE,"Hendricks County, IN",NA,Indiana,IN,Single Family Residential,6,320000,-0.0303030303,0.2213740458,335000,0.04689135768,0.2412004446,151.4917729,0.04085488931,0.2467963067,147.029988466,0.01019929624,0.1831348668,247,0.1596244131,0.05106382979,284,0.04029304029,0.003533568905,255,0.03238866397,-0.1145833333,174,0.06097560976,0.2888888889,0.7,-0.1,0.1,4,0,0,1.021704633,0.001173004958,4.583546919e-4,0.5141700405,-0.03043089848,-0.10285123610000001,0.1781609195,0.001331651248,0.00779054917,0.6971830986,0.008538409947,-0.0625342159,"Indianapolis, IN",26900,2026-04-14 14:25:48.665 Z,2022,4,Hendricks,entry,suburb,4.98,99988,179379,352,135,3,268000,433000,1286768,490,1.9800000000000004,1371.1359319939802,0.16455605856630556,0,0,1,0,202204,3,2.7316464023101923
2024-04-01,2024-04-30,30,county,5,854,FALSE,"Johnson County, IN",NA,Indiana,IN,Single Family Residential,6,305000,-0.046875,0.03389830508,335000,0,0.06349206349,156.852791878,0.009404657149,0.03010670258,157.412707499,0.004711723403,0.001144819691,209,0.2366863905,0.07179487179,243,-0.02016129032,0.0704845815,258,0.3578947368,0.29,313,0.1635687732,0.3376068376,1.5,-0.1,0.3,19,-13,6,0.9829227231,4.736408075e-4,-0.009116003876,0.1913875598,0.0316242462,-0.03938167096,0.4504792332,0.06757960497,0.08723136998,0.4855967078,0.01785477234,-0.07387465782,"Indianapolis, IN",26900,2026-04-14 14:25:48.665 Z,2024,4,Johnson,entry,suburb,6.99,87227,163983,220,78,2,262000,470000,1731750,300,3.99,1621.6997232449255,0.22310060736857976,0,1,1,1,202404,4,1.8294579316148625
2022-12-01,2022-12-31,30,county,5,819,FALSE,"Boone County, IN",NA,Indiana,IN,Single Family Residential,6,357000,-0.06052631579,0.04005826657,347900,-0.08567674113,0.141216992,163.069544365,0.01477692942,0.1666254187,153.73162681,-0.06774104828,0.02616728661,103,0.0404040404,-0.1825396825,72,-0.08860759494,-0.1,65,0.1818181818,-0.01515151515,176,-0.05376344086,0.7959183673,1.7,-0.2,0.9,29,18,20,0.9858546886,0.003142761289,-0.007500294034,0.145631068,-0.05638913406,-0.1321467098,0.2670454545,-0.1361803519,0.03235157699,0.2916666667,-0.1007383966,-0.1583333333,"Indianapolis, IN",26900,2026-04-14 14:25:48.665 Z,2022,12,Boone,entry,suburb,6.36,104865,72827,123,66,6,265000,447450,2038500,195,3.3600000000000003,1778.9714536517245,0.2035727596797854,0,1,1,1,202212,1,2.6775783706592335
2023-05-01,2023-05-31,30,county,5,819,FALSE,"Boone County, IN",NA,Indiana,IN,Single Family Residential,6,410000,0.1148878314,0.07752956636,367492.5,-0.07314720236,-0.005096446701,160.372632817,-0.02570043195,0.06970918633,160.289620125,-0.003744946102,0.03619341312,134,0.4255319149,0.046875,159,0.3474576271,0.06711409396,121,0.2872340426,-0.2666666667,148,-0.08074534161,-0.1494252874,1.1,-0.6,-0.3,13,-4,8,1.001699068,0.01133274218,-0.01847264434,0.2835820896,0.07081613211,-0.1695429104,0.5743243243,0.2637653181,0.3559335197,0.4339622642,-0.006715701951,-0.3177155882,"Indianapolis, IN",26900,2026-04-14 14:25:48.665 Z,2023,5,Boone,mid_luxury,suburb,6.43,104865,72827,98,97,7,295000,550000,2919000,202,3.4299999999999997,2058.106563931082,0.2355149837140417,0,1,1,1,202305,1,2.773696568580334
2024-11-01,2024-11-30,30,county,5,862,FALSE,"Marion County, IN",NA,Indiana,IN,Single Family Residential,6,249900,0.02,0.08652173913,240000,-0.02040816327,0.04347826087,139.170040486,-0.003981586463,0.0915626067,136.864012096,-0.0298088839,3.653582989e-4,810,-0.1186071817,-0.01579586877,954,-0.1166666667,0.04605263158,802,-0.2933920705,-0.02905569007,2209,-0.07223855523,0.09410599307,2.7,0.1,0.2,23,2,4,0.9802320289,2.379094687e-4,0.00281538217,0.2197530864,0.02497615497,0.01197665872,0.3956541421,-0.05331687843,-0.02088870085,0.2966457023,-0.07094689029,-0.03668763103,"Indianapolis, IN",26900,2026-04-14 14:25:48.665 Z,2024,11,Marion,entry,metro,6.81,63450,971822,1139,161,15,200000,485000,1440000,1315,3.8099999999999996,1304.6608064037862,0.24674436054917942,0,1,0,0,202411,5,1.3531284535645418
2022-07-01,2022-07-31,30,county,5,842,FALSE,"Hamilton County, IN",NA,Indiana,IN,Single Family Residential,6,424900,-0.005430457376,0.1595033429,406000,-0.02156886372,0.1790757614,156.944444444,-0.02774476543,0.1703123899,159.278350515,0.0187795579,0.1636507702,677,-0.1196358908,-0.1320512821,643,-0.1627604167,-0.134589502,658,-0.2598425197,-0.07193229901,774,0.125,0.660944206,1.1,0.2,0.5,5,1,0,1.017897606,-0.01650624512,-0.0077657448,0.552437223,-0.04574223079,-0.03858841798,0.4509043928,0.1253229974,0.1375996717,0.566096423,-0.1318202436,-0.100121612,"Indianapolis, IN",26900,2026-04-14 14:25:48.665 Z,2022,7,Hamilton,mid_luxury,suburb,5.41,117957,357176,1142,1295,100,295000,495000,1300000,2537,2.41,1910.8778695136853,0.19439740273289607,0,1,1,1,202207,2,7.10294084708939
2024-10-01,2024-10-31,30,county,5,862,FALSE,"Marion County, IN",NA,Indiana,IN,Single Family Residential,6,245000,0.01239669421,0.04255319149,245000,-0.01960784314,0.0652173913,139.726373122,-0.01365570107,0.07025499131,141.069125273,-0.004854917117,0.05320926482,919,-0.02337938363,0.06488991889,1080,0.03547459252,0.01983002833,1135,0.01702508961,0.06472795497,2381,0.04110188019,0.1236432279,2.6,0.2,0.1,21,6,4,0.9799941194,-0.004971443811,-0.002281095048,0.1947769314,-0.02095101754,-0.04392527018,0.4489710206,0.01696402451,-0.05032109834,0.3675925926,-0.05139110827,-0.04317227993,"Indianapolis, IN",26900,2026-04-14 14:25:48.665 Z,2024,10,Marion,entry,metro,6.43,63450,971822,1445,180,16,200000,454250,1400000,1641,3.4299999999999997,1229.8441662515002,0.23259464137144212,0,1,0,0,202410,5,1.6885808306459413
2023-01-01,2023-01-31,30,county,5,819,FALSE,"Boone County, IN",NA,Indiana,IN,Single Family Residential,6,357000,0,0.1703575,362495,0.04195171026,-0.01904300575,152.128163204,-0.06709641094,0.04664176284,158.057494885,0.02813908995,-0.04225350599,58,-0.4368932039,-0.2467532468,74,0.02777777778,-0.03896103896,65,0,-0.3298969072,168,-0.04545454545,0.2923076923,2.9,1.2,1.2,34,5,15,0.9765872693,-0.009267419273,-0.02365202625,0.1379310345,-0.007700033478,-0.2257053292,0.25,-0.01704545455,0.1653846154,0.3378378378,0.04617117117,-0.1296946297,"Indianapolis, IN",26900,2026-04-14 14:25:48.665 Z,2023,1,Boone,entry,suburb,6.27,104865,72827,75,41,6,230000,495000,1425000,122,3.2699999999999996,1762.204991091723,0.20165412571497332,0,1,1,1,202301,1,1.6752028780534691
2023-09-01,2023-09-30,30,county,5,862,FALSE,"Marion County, IN",NA,Indiana,IN,Single Family Residential,6,235000,-0.04081632653,0.002345915974,239900,0.007983193277,0.04304347826,131.852438426,-0.03410423013,0.01691686593,133.89441469,-0.009727839108,0.01800475355,911,-0.1240384615,-0.2792721519,1046,-0.1067463706,-0.1718131433,1176,-0.08482490272,-0.1171171171,2046,0.1223258365,-0.01302460203,2.2,0.4,0.6,14,3,2,0.9869385102,-0.00325490756,9.604349624e-4,0.2799121844,-0.03066473866,-0.008062499132,0.4736070381,-0.003628288262,-0.00637366617,0.4369024857,-0.08316583202,-0.0452827875,"Indianapolis, IN",26900,2026-04-14 14:25:48.665 Z,2023,9,Marion,entry,metro,7.2,63450,971822,1271,209,6,186000,471235,1360000,1486,4.2,1276.121833798833,0.2413469189217651,0,1,0,0,202309,5,1.5290866022790182
2022-07-01,2022-07-31,30,county,5,854,FALSE,"Johnson County, IN",NA,Indiana,IN,Single Family Residential,6,300000,-0.0625,0.1173184358,299949.5,1.650550183e-4,1.650550183e-4,151.694294152,0.007250113169,0.1409322029,148.167970358,-0.007878417915,0.09250986402,247,-0.1453287197,-0.2057877814,262,-0.1409836066,-0.1437908497,306,-0.03164556962,-0.02547770701,319,0.2709163347,0.5410628019,1.3,0.4,0.6,5,0,1,1.006405803,-0.0172204725,-0.01601652245,0.4331983806,-0.1204348374,-0.1487951886,0.4106583072,0.1198216538,0.1594505777,0.7251908397,0.02027280691,0.002968617472,"Indianapolis, IN",26900,2026-04-14 14:25:48.665 Z,2022,7,Johnson,entry,suburb,5.41,87227,163983,302,86,5,235000,479950,1130000,393,2.41,1349.1724190494365,0.18560845871797996,0,1,1,1,202207,4,2.39658989041547
2021-03-01,2021-03-31,30,county,5,842,FALSE,"Hamilton County, IN",NA,Indiana,IN,Single Family Residential,6,329990,-0.009039039039,0.08134943391,347000,0.05200927708,0.0531107739,130.004127115,0.06059654825,0.1800781132,128.080019517,-0.007982639288,0.09791597183,509,0.09462365591,-0.2181259601,665,0.3683127572,-0.06732117812,570,0.52,-0.1937765205,377,0.005333333333,-0.6109391125,0.7,-0.1,-0.8,5,-8,-32,1.00404573,0.008037799496,0.01828973822,0.4007858546,0.1040116611,0.2210623523,0.1644562334,0.009789566755,-0.1245014549,0.6812030075,0.1030137071,0.1538537789,"Indianapolis, IN",26900,2026-04-14 14:25:48.665 Z,2021,3,Hamilton,entry,suburb,3.08,117957,357176,1187,498,27,249000,472800,1395000,1712,0.08000000000000007,1124.4234248850446,0.11438982933289703,0,0,1,0,202103,2,4.793155195197886
2021-12-01,2021-12-31,30,county,5,854,FALSE,"Johnson County, IN",NA,Indiana,IN,Single Family Residential,6,290000,0.01754385965,0.215932914,300000,0.09090909091,0.2505210504,134.330477474,-0.03766526793,0.1263610536,140.717203813,0.01316052664,0.1838407976,278,0.06923076923,-0.03806228374,199,-0.26568265680000003,-0.06572769953,157,-0.3022222222,-0.08720930233,132,-0.1592356688,-0.25,0.5,-0.1,-0.1,6,2,-1,1.010084096,-0.003803238264,0.01628792779,0.4676258993,-0.02468179303,0.1873490827,0.2727272727,-0.1030689056,-0.01136363636,0.6030150754,-0.08702182499,0.08658315049,"Indianapolis, IN",26900,2026-04-14 14:25:48.665 Z,2021,12,Johnson,entry,suburb,3.1,87227,163983,327,68,3,241865,467307.5,1200000,398,0.10000000000000009,990.6780454588848,0.13628964134392582,0,0,1,0,202112,4,2.427080855942384
2021-09-01,2021-09-30,30,county,5,862,FALSE,"Marion County, IN",NA,Indiana,IN,Single Family Residential,6,220000,0.04662226451,0.1891891892,205000,0.009210895539,0.1395219566,116.614319672,0.02423717753,0.1684601565,116.493823821,0.0131924649,0.1654238315,1471,-0.04666234608,0.02723463687,1612,-0.08304891923,-0.2676056338,1536,-0.0351758794,-0.06626139818,1549,0.04450438301,-0.1173789174,1.1,0.1,-0.1,6,1,0,1.005107435,-0.007568997198,0.01382550185,0.4541128484,-0.05593251777,0.1007608931,0.3815364751,-0.03046622209,0.01800371161,0.6253101737,-0.03623703904,0.1632474749,"Indianapolis, IN",26900,2026-04-14 14:25:48.665 Z,2021,9,Marion,entry,metro,2.9,63450,971822,2027,160,13,185000,468500,1399000,2200,-0.10000000000000009,732.5647650452312,0.13854652766812883,0,0,0,0,202109,5,2.263789047788587
2024-08-01,2024-08-31,30,county,5,845,FALSE,"Hendricks County, IN",NA,Indiana,IN,Single Family Residential,6,361500,0.03510479899,0.09545454545,334950,-0.04272649328,-0.01485149243,150.006706862,-0.06554961818,-0.05238287643,161.961874187,0.01971911238,0.07473988456,242,0.09502262443,0.05676855895,236,-0.1571428571,0.06787330317,226,-0.1406844106,-0.0737704918,432,0.01170960187,0.2895522388,1.8,-0.1,0.3,22,1,9,0.9859617693,-0.003450588758,-0.001546896531,0.1983471074,0.03997606671,-0.06366162619,0.3773148148,-0.121514225,-0.1002971255,0.3474576271,0.004600484262,-0.1593297032,"Indianapolis, IN",26900,2026-04-14 14:25:48.665 Z,2024,8,Hendricks,entry,suburb,6.5,99988,179379,383,279,3,300000,440000,1485350,665,3.5,1827.9407239416557,0.2193792123784841,0,1,1,1,202408,3,3.707234403135261
2023-03-01,2023-03-31,30,county,5,842,FALSE,"Hamilton County, IN",NA,Indiana,IN,Single Family Residential,6,440268,0.04825714286,0.09974896025,439900,0.05873716892,0.1366925065,164.348925411,0.04530934849,0.07308718125,168.124258013,0.03370882162,0.08822247005,479,0.3016304348,-0.03036437247,552,0.362962963,-0.1009771987,501,0.585443038,-0.1053571429,443,0.01372997712,0.5709219858,0.9,-0.3,0.3,20,-13,16,0.9938804492,0.00891670382,-0.03834310839,0.2233820459,0.04675161115,-0.3434195735,0.3227990971,0.08710115656,0.1454941325,0.5815217391,0.1025093935,-0.1334619742,"Indianapolis, IN",26900,2026-04-14 14:25:48.665 Z,2023,3,Hamilton,mid_luxury,suburb,6.54,117957,357176,805,788,42,277000,504957.5,1340155,1635,3.54,2235.5080276113918,0.22742267378228254,0,1,1,1,202303,2,4.577575201021345
2021-05-01,2021-05-31,30,county,5,819,FALSE,"Boone County, IN",NA,Indiana,IN,Single Family Residential,6,334720,-0.07790633609,0.02220186288,349995,0.07690769231,-0.03436336046,131.784862514,-0.0318205434,0.1829966834,133.680306865,0.05072052555,0.1387165305,128,0.0756302521,0.01587301587,133,0.064,-0.1307189542,121,0.04310344828,-0.09022556391,75,0.02739726027,-0.5810055866,0.6,0,-0.8,4,-2,-10,1.01115004,0.01059863356,0.02866112951,0.546875,0.1939338235,0.427827381,0.2266666667,-0.006210045662,-0.06942271881,0.7142857143,0.01828571429,0.2306255836,"Indianapolis, IN",26900,2026-04-14 14:25:48.665 Z,2021,5,Boone,entry,suburb,2.96,104865,72827,137,68,5,215700,501750,1200000,210,-0.040000000000000036,1123.1859052799882,0.128529355489056,0,0,1,0,202105,1,2.883545937633021
2021-04-01,2021-04-30,30,county,5,845,FALSE,"Hendricks County, IN",NA,Indiana,IN,Single Family Residential,6,262000,-0.04900181488,0.1078224101,269900,0.01887504719,0.08393574297,121.50482969,0.02144480395,0.112843336,124.271537072,0.04807655812,0.1560308223,235,0.1989795918,0.04444444444,283,0.07604562738,0.10546875,288,0.36492891,0.3779904306,135,0.4835164835,-0.578125,0.6,0.1,-0.8,4,0,-4,1.021246279,0.01353425122,0.02967294799,0.6170212766,0.1935518888,0.3325768322,0.1703703704,-0.08237688238,-0.09212962963,0.7597173145,0.02587701031,0.2675298145,"Indianapolis, IN",26900,2026-04-14 14:25:48.665 Z,2021,4,Hendricks,entry,suburb,3.06,99988,179379,502,54,0,235000,438267,0,556,0.06000000000000005,890.479036991477,0.10687030887604235,0,0,1,0,202104,3,3.0995824483356467
2022-03-01,2022-03-31,30,county,5,842,FALSE,"Hamilton County, IN",NA,Indiana,IN,Single Family Residential,6,400335,0.05351315789,0.2131731265,387000,0.032,0.1152737752,153.155240583,0.03119262008,0.1780798347,154.494382022,0.008154403528,0.2062332798,494,0.2666666667,-0.02946954813,614,0.3828828829,-0.07669172932,560,0.581920904,-0.01754385965,282,0.2155172414,-0.2519893899,0.6,0,-0.1,4,0,-1,1.032223558,0.006920335938,0.02817782781,0.5668016194,0.04116059379,0.1660157648,0.1773049645,0.02644289557,0.01284873112,0.7149837134,0.05056929894,0.03378070584,"Indianapolis, IN",26900,2026-04-14 14:25:48.665 Z,2022,3,Hamilton,mid_luxury,suburb,4.17,117957,357176,1316,1122,66,275000,491870,1300000,2504,1.17,1560.5628283507506,0.15875915749136554,0,0,1,0,202203,2,7.01054942101373
2021-05-01,2021-05-31,30,county,5,862,FALSE,"Marion County, IN",NA,Indiana,IN,Single Family Residential,6,205000,0.04591836735,0.1388888889,205000,0.02551275638,0.1087074094,115.792599075,0.05724207357,0.2144381027,114.526823388,0.008604646112,0.1382157639,1374,0.01702442635,0.2245989305,1721,0.0286909743,0.05388854868,1452,-0.1124694377,0.08927231808,1149,-0.04568106312,-0.3144391408,0.8,-0.1,-0.7,5,0,-5,1.015302408,0.01053400853,0.03615831939,0.5116448326,0.04754416643,0.2478302158,0.318537859,0.03531526765,-0.05079388324,0.6937826845,0.03628119016,0.153060088,"Indianapolis, IN",26900,2026-04-14 14:25:48.665 Z,2021,5,Marion,entry,metro,2.96,63450,971822,1893,202,14,175000,493500,1473250,2109,-0.040000000000000036,687.8976774091706,0.13009885151946488,0,0,0,0,202105,5,2.1701505008118773
2024-03-01,2024-03-31,30,county,5,845,FALSE,"Hendricks County, IN",NA,Indiana,IN,Single Family Residential,6,347000,-0.008571428571,0.1193548387,349999,0.002862464183,0.08865232234,149.877149877,0.00674469757,0.001416009311,158.720674487,-0.0105208861,0.01748182608,215,0.2951807229,0.1139896373,249,0.03319502075,0.1369863014,231,0.1907216495,0.1907216495,303,0.0306122449,0.4926108374,1.4,-0.4,0.3,31,-4,17,0.9852839902,0.002099517742,-0.003579660642,0.1813953488,0.02476884281,-0.1087600916,0.4620462046,0.1219101502,0.1270708352,0.4779116466,0.116915796,-0.0609011388,"Indianapolis, IN",26900,2026-04-14 14:25:48.665 Z,2024,3,Hendricks,entry,suburb,6.82,99988,179379,357,218,1,280000,450000,1764575.2,576,3.8200000000000003,1813.4441203281792,0.21763941116872174,0,1,1,1,202403,3,3.211078219858512
2023-01-01,2023-01-31,30,county,5,845,FALSE,"Hendricks County, IN",NA,Indiana,IN,Single Family Residential,6,315000,-0.015625,0.03154227031,325000,0.09262060851,0.1207089777,153.371444506,0.004157824193,0.1123022106,148.114478114,-0.03282935927,-0.01743133903,155,-0.2326732673,-0.1292134831,187,0.1472392638,-0.07881773399,109,-0.106557377,-0.2922077922,208,-0.2324723247,0.3959731544,1.3,0,0.5,30,7,24,0.9838350065,0.001047379479,-0.02348310929,0.1225806452,-0.03583519642,-0.2762957593,0.4086538462,0.02858004542,0.25429143,0.3422459893,-0.01971720088,-0.2291825821,"Indianapolis, IN",26900,2026-04-14 14:25:48.665 Z,2023,1,Hendricks,entry,suburb,6.27,99988,179379,224,133,0,259500,458678,0,357,3.2699999999999996,1554.886756845638,0.1866088038779419,0,1,1,1,202301,3,1.99019952168314
2022-08-01,2022-08-31,30,county,5,845,FALSE,"Hendricks County, IN",NA,Indiana,IN,Single Family Residential,6,330000,-0.009009009009,0.1785714286,324995,-1.538461538e-5,0.1606964286,158.227848101,0.02319377386,0.1946202532,149.292101341,5.249129121e-4,0.1254182869,293,0.08518518519,-0.1356932153,295,-0.04530744337,-0.2216358839,277,-0.07973421927,-0.1656626506,339,0.03039513678,0.7121212121,1.2,0,0.6,7,2,3,1.005147989,-0.01158642293,-0.01658453092,0.361774744,-0.1567437745,-0.2163963474,0.4955752212,-0.02722113134,0.167292393,0.5423728814,-0.09516757172,-0.1832207862,"Indianapolis, IN",26900,2026-04-14 14:25:48.665 Z,2022,8,Hendricks,entry,suburb,5.22,99988,179379,404,210,4,273150,438687.5,1450985,618,2.2199999999999998,1452.9161633969718,0.17437086411132996,0,1,1,1,202208,3,3.4452193400565285
2025-12-01,2025-12-31,30,county,5,819,FALSE,"Boone County, IN",NA,Indiana,IN,Single Family Residential,6,414900,0.05037974684,-0.02840549844,355000,-0.006847159373,-0.01524292986,173.533778768,-0.04500443039,-0.001009015621,179.050925926,-0.01766835626,-0.01722343971,97,-0.1100917431,0.2597402597,53,-0.5225225225,-0.196969697,47,-0.4777777778,-0.09615384615,190,-0.1079812207,0.3475177305,2,0,0.2,35,3,-2,0.9793526126,-0.002189890205,6.883431024e-4,0.1649484536,0.06403102242,0.03507832374,0.2210526316,-0.1310600445,-0.09809630459,0.1509433962,-0.1283358831,-0.1217838765,"Indianapolis, IN",26900,2026-04-14 14:25:48.665 Z,2025,12,Boone,mid_luxury,suburb,6.19,104865,72827,93,75,6,219900,575000,1421500,174,3.1900000000000004,2030.7536748396203,0.2323849148722209,0,1,1,1,202512,1,2.3892237768959315
2025-04-01,2025-04-30,30,county,5,819,FALSE,"Boone County, IN",NA,Indiana,IN,Single Family Residential,6,410000,-0.04651162791,0.1186903138,439947.5,-0.03265508499,0.1000131267,176.579925651,0.04480053808,0.1008739917,185.472363758,0.008845493246,0.1030550513,99,0.375,-0.02941176471,138,0.2321428571,0.02222222222,142,0.3271028037,-0.02068965517,195,0.1890243902,0.2341772152,2,-0.3,0.5,19,6,-2,0.9870213082,-0.001288391193,0.001325479674,0.2424242424,0.006313131313,0.04634581105,0.2666666667,-0.007723577236,-0.1130801688,0.4782608696,-0.003881987578,-0.06247987118,"Indianapolis, IN",26900,2026-04-14 14:25:48.665 Z,2025,4,Boone,mid_luxury,suburb,6.73,104865,72827,102,86,13,291707.5,490000,2195000,201,3.7300000000000004,2123.0430093841496,0.2429458457312716,0,1,1,1,202504,1,2.7599653974487484
2021-07-01,2021-07-31,30,county,5,854,FALSE,"Johnson County, IN",NA,Indiana,IN,Single Family Residential,6,268500,0.03269230769,0.1933333333,299900,0.1258564054,0.3039130435,132.956448911,0.01347784492,0.2077132048,135.621631656,0.03743034035,0.2045096642,311,-0.07715133531,-0.03416149068,306,-0.1232091691,-0.1257142857,314,-0.03086419753,0.06802721088,207,0.3184713376,-0.1038961039,0.7,0.2,0,4,0,-2,1.022422325,-0.001374588472,0.03009142948,0.5819935691,0.03599950385,0.2590122027,0.2512077295,-0.04815532786,-0.1340736558,0.7222222222,-0.02562878064,0.1307936508,"Indianapolis, IN",26900,2026-04-14 14:25:48.665 Z,2021,7,Johnson,entry,suburb,2.87,87227,163983,746,151,2,230000,432500,1492000,899,-0.1299999999999999,890.615070549647,0.12252376955066395,0,0,1,0,202107,4,5.482275601739205
2021-10-01,2021-10-31,30,county,5,819,FALSE,"Boone County, IN",NA,Indiana,IN,Single Family Residential,6,338000,-0.0387486669,0.1342281879,309000,0.03,-0.03271247457,140.542021924,0.01516150329,0.1365174991,141.008276255,0.06091941182,0.163842385,121,-0.2091503268,0.07079646018,142,0.05970149254,0.1181102362,103,-0.07207207207,0.08421052632,107,-0.1157024793,-0.2464788732,0.9,0.1,-0.4,5,-1,-17,0.999566731,-0.008736450551,0.008658151371,0.3719008264,-0.072543618,0.1506618884,0.2990654206,0.009809222214,-0.1445965513,0.5915492958,0.02438511667,0.1978485084,"Indianapolis, IN",26900,2026-04-14 14:25:48.665 Z,2021,10,Boone,entry,suburb,3.07,104865,72827,151,67,5,255000,498250,1647404,223,0.06999999999999984,1150.2509881628846,0.13162648984842049,0,0,1,0,202110,1,3.0620511623436366
2024-09-01,2024-09-30,30,county,5,842,FALSE,"Hamilton County, IN",NA,Indiana,IN,Single Family Residential,6,465000,-0.00760833609,0.03334481494,432000,0.006406523005,0.04096385542,170.182166826,-0.01570351071,0.01689097215,175.365487042,0.006917494831,0.01902285134,481,-0.02235772358,-0.004140786749,497,-0.03118908382,0.1531322506,465,-0.01898734177,0.05442176871,792,0.01278772379,0.2147239264,1.6,0,0.3,20,5,7,0.9893048346,2.32371816e-4,-0.004151633328,0.1767151767,-0.03263441678,-0.06138006138,0.4154040404,-0.01682102353,-0.07846099027,0.430583501,0.02122677586,-0.003291208971,"Indianapolis, IN",26900,2026-04-14 14:25:48.665 Z,2024,9,Hamilton,mid_luxury,suburb,6.18,117957,357176,920,1095,89,294000,530000,1325000,2104,3.1799999999999997,2273.5589451871947,0.2312936692374877,0,1,1,1,202409,2,5.890653347369364
2021-08-01,2021-08-31,30,county,5,854,FALSE,"Johnson County, IN",NA,Indiana,IN,Single Family Residential,6,285000,0.06145251397,0.1924686192,282450,-0.05818606202,0.2844474761,132.933936702,-1.69320177e-4,0.1722918325,134.842649109,-0.005743792769,0.1419777456,302,-0.02893890675,-0.05329153605,341,0.114379085,0.04601226994,277,-0.1178343949,-0.007168458781,185,-0.1062801932,-0.2094017094,0.6,-0.1,-0.1,5,1,-1,1.013028562,-0.009393763656,0.01723044372,0.5132450331,-0.06874853602,0.2185741867,0.4162162162,0.1650084867,-0.04532224532,0.7038123167,-0.01840990551,0.07497796089,"Indianapolis, IN",26900,2026-04-14 14:25:48.665 Z,2021,8,Johnson,entry,suburb,2.84,87227,163983,685,141,8,242500,440000,1285000,834,-0.16000000000000014,941.6947726059514,0.12955091051247225,0,0,1,0,202108,4,5.085893049889318
2021-03-01,2021-03-31,30,county,5,862,FALSE,"Marion County, IN",NA,Indiana,IN,Single Family Residential,6,185000,0.02777777778,0.06967331599,195000,0.0773480663,0.08938547486,104.482081989,0.05030184714,0.1181630769,110.565110565,0.03007728111,0.1706588365,1274,0.3298538622,0.04942339374,1533,0.3192771084,0.04144021739,1275,0.4722863741,-0.08993576017,972,-0.04799216454,-0.4813233725,0.8,-0.3,-0.7,10,-6,-7,0.9953569056,0.007464147659,0.01726856517,0.3704866562,0.06046577937,0.1546711702,0.3436213992,0.05762727577,0.05813580686,0.6477495108,0.1064414213,0.0601136412,"Indianapolis, IN",26900,2026-04-14 14:25:48.665 Z,2021,3,Marion,entry,metro,3.08,63450,971822,1805,139,4,158000,460000,1389950,1948,0.08000000000000007,630.3776890321926,0.11922036672003643,0,0,0,0,202103,5,2.004482302314621
2024-08-01,2024-08-31,30,county,5,862,FALSE,"Marion County, IN",NA,Indiana,IN,Single Family Residential,6,255000,-0.01604426643,0.04081632653,245000,-0.02,0.02941176471,141.860457054,-0.00148448165,0.03921032493,142.245480495,-3.768586407e-4,0.05203596186,991,-0.05348615091,-0.04711538462,1148,-0.005199306759,-0.01964133219,1265,0.07476635514,-0.01556420233,2134,0.07074761666,0.1705979155,2.2,0.3,0.4,16,4,5,0.9829084425,-0.007423164433,-0.007284975264,0.2169525732,-0.08295191586,-0.09362434992,0.4606373008,0.00353745137,-0.01659802554,0.4477351916,-0.01933586555,-0.07233312604,"Indianapolis, IN",26900,2026-04-14 14:25:48.665 Z,2024,8,Marion,entry,metro,6.5,63450,971822,1463,245,23,199900,460000,1301000,1731,3.5,1289.4187679256493,0.2438617055178533,0,1,0,0,202408,5,1.781190382600929
2025-05-01,2025-05-31,30,county,5,854,FALSE,"Johnson County, IN",NA,Indiana,IN,Single Family Residential,6,324900,0.01214953271,-0.02138554217,362000,0.05693430657,0.1138461538,165.151704723,0.08818404795,0.06889068385,162.361466326,-0.005570683491,0.02836421308,243,0.08,0.0474137931,278,0.01090909091,0.06923076923,294,0.09701492537,0.05755395683,404,0.09485094851,0.09782608696,1.7,0.1,0.1,16,-10,3,0.9828958413,8.689682597e-4,-0.003315961668,0.2098765432,0.04987654321,-0.0573648361,0.4232673267,0.04386353269,0.05913689195,0.4712230216,0.009404839765,-0.02877697842,"Indianapolis, IN",26900,2026-04-14 14:25:48.665 Z,2025,5,Johnson,entry,suburb,6.82,87227,163983,361,169,8,255000,465000,1377500,538,3.8200000000000003,1697.948111511889,0.2335902568945701,0,1,1,1,202505,4,3.2808278906959867
2021-02-01,2021-02-28,30,county,5,862,FALSE,"Marion County, IN",NA,Indiana,IN,Single Family Residential,6,180000,-0.00826446281,0.125,181000,0.03428571429,0.04927536232,99.478147423,-0.008716699246,0.1292566864,107.336714044,0.04917578519,0.1255770713,958,0.05043859649,0.07640449438,1162,-0.1116207951,-0.1436993368,866,-0.05561613959,-0.1891385768,1021,-0.1190681622,-0.4225113122,1.1,-0.2,-0.9,16,3,-17,0.9878927579,0.005437406832,0.02077430554,0.3100208768,0.03041561367,0.141481551,0.2859941234,-0.0858781803,-0.02791990374,0.5413080895,0.07418270724,0.07115333637,"Indianapolis, IN",26900,2026-04-14 14:25:48.665 Z,2021,2,Marion,entry,metro,2.81,63450,971822,1370,95,7,155500,460000,2055000,1472,-0.18999999999999995,592.4538113693663,0.11204800215023478,0,0,0,0,202102,5,1.5146806719749089
2025-11-01,2025-11-30,30,county,5,854,FALSE,"Johnson County, IN",NA,Indiana,IN,Single Family Residential,6,295000,-0.09230769231,-0.1272189349,327000,0.0234741784,0.03661436044,159.75242556,-0.01326943381,0.05445782044,165.421876911,-0.002054931654,0.04666443689,171,-0.2660944206,-0.1139896373,181,-0.1581395349,-0.1658986175,182,-0.2052401747,0.03409090909,531,-0.01301115242,0.1619256018,3.1,0.8,0.7,45,16,18,0.9709960282,-0.005864545852,-0.002850848172,0.08771929825,-0.0839545215,-0.05217707481,0.31826742,-0.1148180819,-0.06685293015,0.2430939227,-0.04992933316,-0.04262036306,"Indianapolis, IN",26900,2026-04-14 14:25:48.665 Z,2025,11,Johnson,entry,suburb,6.24,87227,163983,255,92,2,265000,452602.5,2040000,349,3.24,1451.5580380936594,0.199693861500727,0,1,1,1,202511,4,2.1282693937786235
2022-07-01,2022-07-31,30,county,5,819,FALSE,"Boone County, IN",NA,Indiana,IN,Single Family Residential,6,405000,-0.05314100016,0.0175879397,359950,-0.05895424837,-0.01370050692,160.680870475,0.07235147783,0.1285748251,164.160568575,0.04765141663,0.2291715195,132,-0.07042253521,-0.02222222222,138,-0.1976744186,-0.1375,132,-0.2903225806,-0.1901840491,221,0.01376146789,0.768,1.7,0.2,0.8,5,0,0,1.018668887,-0.0020882062,0.003032757247,0.5833333333,0.04107981221,0.1462962963,0.4162895928,0.1135372992,0.1602895928,0.5072463768,-0.1497303674,-0.1615036232,"Indianapolis, IN",26900,2026-04-14 14:25:48.665 Z,2022,7,Boone,mid_luxury,suburb,5.41,104865,72827,119,88,8,240500,522500,1186550,215,2.41,1821.3827657167394,0.20842600666190694,0,1,1,1,202207,1,2.9522017932909494
2023-10-01,2023-10-31,30,county,5,842,FALSE,"Hamilton County, IN",NA,Indiana,IN,Single Family Residential,6,445000,-0.01110012333,0.04705882353,399900,-0.03638554217,0,163.045974118,-0.02574998181,0.01656877066,174.420747593,0.01353311045,0.103194162,422,-0.1262939959,-0.1946564885,428,-0.006960556845,-0.1737451737,379,-0.1405895692,-0.1347031963,624,-0.04294478528,-0.22,1.5,0.2,0,16,3,6,0.9882701646,-0.005186303326,-0.006190982031,0.2345971564,-0.003498081697,-0.03830360696,0.5016025641,0.007737533428,0.0441025641,0.3995327103,-0.0343419997,-0.03483022408,"Indianapolis, IN",26900,2026-04-14 14:25:48.665 Z,2023,10,Hamilton,mid_luxury,suburb,7.62,117957,357176,392,478,25,285000,510000,1450000,895,4.62,2518.521355396168,0.25621418198796186,0,1,1,1,202310,2,2.5057674647792685
2025-05-01,2025-05-31,30,county,5,862,FALSE,"Marion County, IN",NA,Indiana,IN,Single Family Residential,6,265000,0.01923076923,0.03515625,268950,0.03442307692,0.03482108503,145.18459069,0.002036257553,0.03671360542,145.14202509,0.01946845776,0.02211432587,1122,0.119760479,0.04469273743,1235,-0.04780262143,0,1371,0.06692607004,0.06361520559,2208,0.1168437026,0.2355903749,2,0,0.3,14,-6,2,0.989327827,0.002417280278,0.001740641454,0.2860962567,0.02861122674,0.006766647746,0.4017210145,0.01072455521,0.001049497985,0.4696356275,-0.002993516649,-0.04129554656,"Indianapolis, IN",26900,2026-04-14 14:25:48.665 Z,2025,5,Marion,entry,metro,6.82,63450,971822,1605,272,19,210000,450000,1400000,1896,3.8200000000000003,1384.906893046016,0.2619209253987737,0,1,0,0,202505,5,1.950974561185073
2025-10-01,2025-10-31,30,county,5,842,FALSE,"Hamilton County, IN",NA,Indiana,IN,Single Family Residential,6,470765,-0.0532629462,0.06992045455,444900,-2.247191011e-4,0.04682352941,177.914110429,0.01375402774,0.03599141934,177.186963979,-0.01940768941,0.01694532691,514,0.07083333333,0.1422222222,540,-0.01639344262,0.04247104247,518,-0.0615942029,0.04646464646,1043,-0.004770992366,0.30375,2,-0.2,0.2,26,3,3,0.9857810646,-0.001939447913,6.379583362e-4,0.17898832680000001,-0.03767833982,-0.001011673152,0.4103547459,-0.02571395636,-0.02089525407,0.3444444444,-0.01256830601,-0.01655941656,"Indianapolis, IN",26900,2026-04-14 14:25:48.665 Z,2025,10,Hamilton,mid_luxury,suburb,6.25,117957,357176,607,771,92,285000,535000,1382365,1470,3.25,2318.8648628698525,0.23590273026982908,0,1,1,1,202510,2,4.115618070643044
2022-09-01,2022-09-30,30,county,5,842,FALSE,"Hamilton County, IN",NA,Indiana,IN,Single Family Residential,6,404893,-0.01245609756,0.1357447405,419900,0.05119539367,0.2000571592,160.550458716,-0.003223385354,0.1464518986,161.617444605,0.01042283097,0.1370153923,597,-0.06426332288,-0.2144736842,552,-0.2192362093,-0.185840708,570,-0.02229845626,0.003521126761,824,0.1334250344,1.118251928,1.4,0.3,0.9,10,3,5,0.9980065783,-0.00599203751,-0.02117157295,0.2964824121,-0.05618216474,-0.2140439037,0.4150485437,-0.0540023504,0.1374135822,0.5217391304,-0.00442777197,-0.1169039374,"Indianapolis, IN",26900,2026-04-14 14:25:48.665 Z,2022,9,Hamilton,mid_luxury,suburb,6.11,117957,357176,762,901,49,290000,499999,1500000,1712,3.1100000000000003,1964.9971113618867,0.19990306074537875,0,1,1,1,202209,2,4.793155195197886
2023-07-01,2023-07-31,30,county,5,854,FALSE,"Johnson County, IN",NA,Indiana,IN,Single Family Residential,6,315000,0.05175292154,0.05,299997.5,-0.03195385608,1.600269379e-4,153.261557948,0.006416384833,0.01033172543,160.526928794,0.04127745259,0.08341180895,199,-0.1422413793,-0.1943319838,247,0.02489626556,-0.0572519084,205,-0.1598360656,-0.3300653595,269,-0.03928571429,-0.1567398119,1.4,0.2,0.1,16,9,11,0.9942801671,0.004399245932,-0.01212563593,0.2864321608,0.01057009184,-0.1467662198,0.4981412639,-0.01614445035,0.08748295673,0.4696356275,-0.1195759907,-0.2555552122,"Indianapolis, IN",26900,2026-04-14 14:25:48.665 Z,2023,7,Johnson,entry,suburb,6.84,87227,163983,215,80,0,250500,484500,0,295,3.84,1649.5714758994002,0.22693498241132679,0,1,1,1,202307,4,1.7989669660879481
2021-09-01,2021-09-30,30,county,5,819,FALSE,"Boone County, IN",NA,Indiana,IN,Single Family Residential,6,351625,0.02814327485,0.1719173117,300000,-0.09077132899,-0.07677820212,138.443017657,0.03840442118,0.1630889772,132.911392405,-0.04683719044,0.06978156897,153,0.04794520548,0.1086956522,134,-0.1184210526,-0.2555555556,111,-0.1777777778,-0.04310344828,121,0,-0.3005780347,0.8,0,-0.5,6,1,-8,1.008303182,0.001903365706,0.02389847339,0.4444444444,-0.03500761035,0.2198067633,0.2892561983,-0.0826446281,-0.05178426408,0.5671641791,-0.03809897879,0.2393864013,"Indianapolis, IN",26900,2026-04-14 14:25:48.665 Z,2021,9,Boone,entry,suburb,2.9,104865,72827,165,87,5,240000,505000,1200000,257,-0.10000000000000009,1170.854934131952,0.13398425794672603,0,0,1,0,202109,1,3.528910980817554
2023-12-01,2023-12-31,30,county,5,854,FALSE,"Johnson County, IN",NA,Indiana,IN,Single Family Residential,6,290000,-0.06451612903,-0.07936507937,339450,0.1315,0.1832122933,150.709219858,-0.006705416494,0.06429183676,155.010465859,-0.03135901518,0.07343130821,159,0.06,-0.1451612903,146,-0.03311258278,-0.05806451613,106,-0.3652694611,-0.0701754386,327,-0.08913649025,0.1047297297,2.1,-0.3,0.5,27,1,2,0.9769388225,-0.005216062866,-0.006746167371,0.1446540881,-0.002012578616,0.0102454859,0.2752293578,-0.1509544862,-0.1470679395,0.2191780822,-0.07221264629,-0.07114449845,"Indianapolis, IN",26900,2026-04-14 14:25:48.665 Z,2023,12,Johnson,entry,suburb,6.82,87227,163983,188,57,0,235000,449900,0,245,3.8200000000000003,1515.5584867296022,0.2084985364709921,0,1,1,1,202312,4,1.4940573108188042
2023-06-01,2023-06-30,30,county,5,842,FALSE,"Hamilton County, IN",NA,Indiana,IN,Single Family Residential,6,459000,0.02,0.07438790319,439995,2.159581723e-4,0.06035666948,165.471594043,0.00424139833,0.02508007882,162.760316442,-0.03791944129,0.04105098208,581,0.09005628518,-0.244473342,593,-0.005033557047,-0.2278645833,591,0.003395585739,-0.335208099,583,0.1298449612,-0.1526162791,1,0,0.1,6,1,2,1.003566466,-6.660462311e-4,-0.03083738532,0.3803786575,-0.02299845321,-0.2178007963,0.4116638079,0.01437698618,0.08608241254,0.5716694772,-0.04745803954,-0.1262471894,"Indianapolis, IN",26900,2026-04-14 14:25:48.665 Z,2023,6,Hamilton,mid_luxury,suburb,6.71,117957,357176,769,914,77,293250,509247.5,1300000,1760,3.71,2371.89697504426,0.24129779242038304,0,1,1,1,202306,2,4.927542724035209
2022-02-01,2022-02-28,30,county,5,854,FALSE,"Johnson County, IN",NA,Indiana,IN,Single Family Residential,6,277500,0.02796814225,0.1708860759,289900,0.05437352246,0.2183231771,144.594594595,0.02564740631,0.1675312453,151.888341544,0.06090116526,0.2275968455,151,-0.1011904762,-0.174863388,211,-0.05381165919,0.2339181287,169,-0.08648648649,0.2803030303,122,-0.05426356589,0.05172413793,0.8,0,0.2,5,0,-3,1.010604842,0.00127856989,0.01543599234,0.4768211921,0.06610690634,0.1434878587,0.1557377049,-0.1000762486,-0.05977953646,0.6398104265,0.02546065076,0.02577533882,"Indianapolis, IN",26900,2026-04-14 14:25:48.665 Z,2022,2,Johnson,entry,suburb,3.76,87227,163983,311,61,6,245000,452637,1095000,378,0.7599999999999998,1029.3767311536806,0.1416135001071247,0,0,1,0,202202,4,2.3051169938347265
2025-08-01,2025-08-31,30,county,5,819,FALSE,"Boone County, IN",NA,Indiana,IN,Single Family Residential,6,420237.5,-0.08094587206,0.03762345679,399900,0.01266143327,-0.02463414634,180.780257186,0.04008150609,0.0955857491,175.097276265,0.003276674176,0.01341678291,123,0.06034482759,0.05128205128,105,-0.1666666667,-0.05405405405,105,-0.132231405,0.01941747573,252,0.02024291498,0.4651162791,2,-0.1,0.5,19,1,-8,0.9873240576,0.001384387812,0.01170488271,0.2113821138,0.004485562097,0.05753595997,0.3373015873,-0.05136238031,-0.09874492433,0.3333333333,-0.01587301587,-0.05405405405,"Indianapolis, IN",26900,2026-04-14 14:25:48.665 Z,2025,8,Boone,mid_luxury,suburb,6.59,104865,72827,119,87,15,286100,462500,1775000,221,3.59,2144.887012337748,0.24544551707483883,0,1,1,1,202508,1,3.0345888200804647
2022-11-01,2022-11-30,30,county,5,862,FALSE,"Marion County, IN",NA,Indiana,IN,Single Family Residential,6,225000,-0.02131361462,0.04651162791,225000,0,0.1029411765,125.88028169,-0.01354649175,0.09358494718,128.037682015,-0.006671841691,0.08243951618,977,-0.06952380952,-0.34561286,954,-0.2275303644,-0.3723684211,910,-0.2510288066,-0.2410341952,1996,-0.03760848602,0.4644167278,2,0,1.1,19,5,13,0.9773126855,-0.002120540424,-0.02572682587,0.2221084954,-0.02646293318,-0.2065586178,0.4293587174,-0.06533752172,0.07059129264,0.3805031447,-0.07698673389,-0.1806810659,"Indianapolis, IN",26900,2026-04-14 14:25:48.665 Z,2022,11,Marion,entry,metro,6.81,63450,971822,1279,131,6,188000,475000,1577500,1416,3.8099999999999996,1174.6645916000475,0.22215878800946526,0,1,0,0,202211,5,1.457056950758472
2024-01-01,2024-01-31,30,county,5,854,FALSE,"Johnson County, IN",NA,Indiana,IN,Single Family Residential,6,313000,0.07931034483,0.07968264919,345035,0.01645308587,0.116618123,152.596081387,0.0125198812,0.0567278636,160.218702866,0.0335992604,0.1192953103,105,-0.3396226415,-0.1025641026,202,0.3835616438,0.2023809524,142,0.3396226415,-0.1341463415,284,-0.1314984709,-0.00350877193,2.7,0.6,0.3,46,19,16,0.974333251,-0.002605571559,-0.002470716157,0.1047619048,-0.03989218329,0.01074481074,0.2922535211,0.01702416333,-0.02704472449,0.2623762376,0.04319815543,-0.0471475719,"Indianapolis, IN",26900,2026-04-14 14:25:48.665 Z,2024,1,Johnson,entry,suburb,6.64,87227,163983,118,47,2,235000,445000,1398239.5,167,3.6399999999999997,1605.8229519396616,0.22091640688406042,0,1,1,1,202401,4,1.01839824859894
2025-07-01,2025-07-31,30,county,5,854,FALSE,"Johnson County, IN",NA,Indiana,IN,Single Family Residential,6,342500,-0.02693058393,0.1199380028,325000,-0.05797101449,0.02362204724,162.605713816,0.02949929046,-0.001990400901,163.969335605,0.02470193948,0.01131251932,222,-0.112,0.03738317757,233,-0.04897959184,-0.03719008264,277,-0.03819444444,0.1493775934,513,0.1008583691,0.2857142857,2.3,0.4,0.4,18,4,4,0.988335668,0.01358243384,3.636086784e-4,0.2297297297,0.09372972973,-0.01793382167,0.4951267057,0.02731554685,-0.0186577555,0.330472103,-0.1266707541,-0.1075444259,"Indianapolis, IN",26900,2026-04-14 14:25:48.665 Z,2025,7,Johnson,entry,suburb,6.72,87227,163983,345,153,7,248990,478850,1325000,505,3.7199999999999998,1771.6982100694804,0.243736211503706,0,1,1,1,202507,4,3.079587518218352
2025-09-01,2025-09-30,30,county,5,854,FALSE,"Johnson County, IN",NA,Indiana,IN,Single Family Residential,6,349000,-0.002857142857,0.1258064516,299900,-0.07723076923,-0.07723076923,161.997126437,-0.005916273592,0.02186059165,166.614568441,0.0125488861,0.03159359453,221,-0.03070175439,-0.004504504505,248,-0.1079136691,0.05084745763,234,-0.152173913,-0.09652509653,529,-0.00936329588,0.1113445378,2.4,0.1,0.3,23,-6,6,0.9779247806,0.005804999112,2.371483269e-4,0.1176470588,0.003611971104,-0.02649708532,0.4631379962,-0.02375338955,0.03666740798,0.2983870968,-0.07931074495,-0.1126298524,"Indianapolis, IN",26900,2026-04-14 14:25:48.665 Z,2025,9,Johnson,entry,suburb,6.35,87227,163983,306,150,5,265000,472830,1670400,461,3.3499999999999996,1737.2820896284547,0.23900151415893536,0,1,1,1,202509,4,2.8112670215815054
2025-05-01,2025-05-31,30,county,5,845,FALSE,"Hendricks County, IN",NA,Indiana,IN,Single Family Residential,6,365000,-0.01351351351,0.01388888889,365000,-0.0188172043,0.02816901408,154.152163103,-0.005854031528,-0.029402528390000002,160.061085233,-0.007298636029,0.01015313699,229,-0.07287449393,0.1225490196,312,0.1908396947,0.2380952381,330,0.2222222222,0.3983050847,489,0.1726618705,0.3360655738,2.1,0.4,0.3,20,-7,3,0.9818146303,-0.003165359075,-0.005910787138,0.1834061135,0.0255113767,0.006935525302,0.3210633947,-0.009871857116,-0.1215595561,0.4519230769,0.03207574868,-0.004426129426,"Indianapolis, IN",26900,2026-04-14 14:25:48.665 Z,2025,5,Hendricks,entry,suburb,6.82,99988,179379,319,190,1,295000,437500,6530500,510,3.8200000000000003,1907.5132677803615,0.2289290636212779,0,1,1,1,202505,3,2.843142173833057
2023-06-01,2023-06-30,30,county,5,845,FALSE,"Hendricks County, IN",NA,Indiana,IN,Single Family Residential,6,339000,0.0382848392,-0.002941176471,349990,0.04630792227,0.02938235294,159.515166584,0.01045607341,0.04631134691,159.624413146,0.03076615723,0.057625754529999997,217,-0.05652173913,-0.3089171975,237,-0.04819277108,-0.2330097087,273,0.1617021277,-0.2288135593,284,0.2678571429,-0.06578947368,1.3,0.3,0.3,7,0,3,1.001011661,-0.002442040031,-0.02421072867,0.3640552995,-0.02724904829,-0.2028236814,0.4049295775,0.02100100604,0.05953484062,0.5654008439,-0.07315337299,-0.06566711728,"Indianapolis, IN",26900,2026-04-14 14:25:48.665 Z,2023,6,Hendricks,entry,suburb,6.71,99988,179379,319,131,3,270000,462000,1306000,453,3.71,1751.7931907189636,0.2102404117356839,0,1,1,1,202306,3,2.5253792249928924
2022-04-01,2022-04-30,30,county,5,862,FALSE,"Marion County, IN",NA,Indiana,IN,Single Family Residential,6,235000,0.06818181818,0.1989795918,229900,0.008333333333,0.1500750375,130.486358244,0.07715633712,0.1914031559,131.011097411,0.004781779629,0.153776885,1258,0.0328407225,-0.06883789785,1498,-0.00597213006,-0.1046025105,1460,0.104387292,-0.1075794621,1056,0.2322053676,-0.122923588,0.8,0.1,-0.1,4,-2,-1,1.023313915,0.01019870751,0.01854551474,0.5246422893,0.04188366866,0.06054162317,0.25,-0.07322053676,-0.03322259136,0.7009345794,0.03271958276,0.04343308512,"Indianapolis, IN",26900,2026-04-14 14:25:48.665 Z,2022,4,Marion,entry,metro,4.98,63450,971822,1828,208,14,190000,475000,1492277.5,2050,1.9800000000000004,1006.9279500580791,0.190435546110275,0,0,0,0,202204,5,2.109439794530274
2025-11-01,2025-11-30,30,county,5,862,FALSE,"Marion County, IN",NA,Indiana,IN,Single Family Residential,6,245000,-0.03921568627,-0.01960784314,249900,-4e-4,0.04125,135.951661631,-0.03292746556,-0.02312551497,143.112221475,0.03262518449,0.04565268315,739,-0.2010810811,-0.08765432099,876,-0.1453658537,-0.08176100629,814,-0.3222314738,0.01496259352,2668,-0.06615330767,0.2077863287,3.6,0.5,0.9,28,1,5,0.9705603224,-9.455453191e-4,-0.009671706516,0.1596752368,0.003999561131,-0.06007784961,0.3808095952,-0.09206404848,-0.01484454694,0.299086758,-0.02481568103,0.002441055685,"Indianapolis, IN",26900,2026-04-14 14:25:48.665 Z,2025,11,Marion,entry,metro,6.24,63450,971822,1098,156,11,195000,455000,1589000,1265,3.24,1205.53125197609,0.22799645427443785,0,1,0,0,202511,5,1.3016787024784373
2025-11-01,2025-11-30,30,county,5,842,FALSE,"Hamilton County, IN",NA,Indiana,IN,Single Family Residential,6,475000,0.008995995879,0.05555555556,422499.5,-0.05034951675,-0.005883529412,173.498145937,-0.02482076594,0.03486541165,179.499667612,0.01305233512,0.0168769104,443,-0.1381322957,-0.03904555315,419,-0.2240740741,-0.04118993135,318,-0.3861003861,-0.09915014164,925,-0.113135187,0.2219286658,2.1,0.1,0.5,26,0,3,0.9809780718,-0.004802992848,-3.133232007e-5,0.1534988713,-0.02548945552,-0.02220611782,0.3502702703,-0.06008447565,0.02266128744,0.2696897375,-0.07475470697,-0.07813634949,"Indianapolis, IN",26900,2026-04-14 14:25:48.665 Z,2025,11,Hamilton,mid_luxury,suburb,6.24,117957,357176,417,645,63,302000,565000,1356825,1125,3.24,2337.2544681169093,0.23777354135322967,0,1,1,1,202511,2,3.1497077071247785
2022-06-01,2022-06-30,30,county,5,819,FALSE,"Boone County, IN",NA,Indiana,IN,Single Family Residential,6,427730,0.1241261498,0.1799448276,382500,0.03553299492,-0.008746355685,149.83974359,-5.467430435e-4,0.1192487345,156.693883069,0.01294874481,0.1206514378,142,0.109375,0.01428571429,172,0.1543624161,0.1780821918,186,0.1272727273,0.2077922078,218,0.2528735632,1.202020202,1.5,0.1,0.8,5,0,1,1.020757093,5.85380319e-4,0.002364620923,0.5422535211,0.08912852113,-0.007746478873,0.3027522936,0.08436148898,0.09063108146,0.6569767442,-0.09470110816,-0.08274928321,"Indianapolis, IN",26900,2026-04-14 14:25:48.665 Z,2022,6,Boone,mid_luxury,suburb,5.52,104865,72827,146,102,11,236000,551000,1335000,259,2.5199999999999996,1947.179113014152,0.22282124022476352,0,1,1,1,202206,1,3.5563733230807255
2025-12-01,2025-12-31,30,county,5,862,FALSE,"Marion County, IN",NA,Indiana,IN,Single Family Residential,6,254900,0.04040816327,0.04681724846,229900,-0.08003201281,-0.04168403501,136.198547215,0.00181598063,-0.01013666024,136.499588289,-0.04620592929,-0.01418639629,886,0.198917456,0.05854241338,689,-0.2134703196,-0.0764075067,524,-0.3562653563,-0.05072463768,2292,-0.1409295352,0.1857216762,2.6,-1,0.3,35,7,5,0.9722099437,0.001649621291,-0.004207689724,0.1365688488,-0.02310638805,-0.03427941886,0.284904014,-0.09590558124,-0.01721704139,0.2017416546,-0.09734510342,-0.05831196473,"Indianapolis, IN",26900,2026-04-14 14:25:48.665 Z,2025,12,Marion,entry,metro,6.19,63450,971822,1117,180,11,210000,485000,1428000,1308,3.1900000000000004,1247.6237930022155,0.23595721853469798,0,1,0,0,202512,5,1.3459254884124872
2021-10-01,2021-10-31,30,county,5,854,FALSE,"Johnson County, IN",NA,Indiana,IN,Single Family Residential,6,270000,-0.009174311927,0.1739130435,270000,0.003717472119,0.1489361702,139.534883721,0.02727844123,0.2267194458,134.655683142,-0.03106269863,0.1066611619,265,-0.08934707904,-0.1016949153,278,0.0258302583,-0.01067615658,254,0.05394190871,0.07172995781,182,0.04,-0.1495327103,0.7,0.1,0,5,0,-3,1.017489107,0.008837872628,0.02611993423,0.5509433962,0.1076444272,0.2289094979,0.3241758242,0.0156043956,-0.1104036151,0.7014388489,0.01140194855,0.110691518,"Indianapolis, IN",26900,2026-04-14 14:25:48.665 Z,2021,10,Johnson,entry,suburb,3.07,87227,163983,349,78,2,240000,445000,1874937.5,429,0.06999999999999984,918.8395467573339,0.12640666950701052,0,0,1,0,202110,4,2.6161248422092536
2025-02-01,2025-02-28,30,county,5,845,FALSE,"Hendricks County, IN",NA,Indiana,IN,Single Family Residential,6,335157.5,0.0110331825,-0.04240714286,350000,2.857959417e-4,0.002865329513,154.193944219,0.01141562295,0.03574117781,160.330857529,-0.0173620664,-4.828586336e-4,160,0.2903225806,-0.03614457831,244,0.277486911,0.01244813278,168,0.07692307692,-0.1340206186,347,-0.1389578164,0.1802721088,2.2,-1.1,0.4,54,14,19,0.9756500164,-0.001383979697,-0.00753445607,0.04375,-0.1094758065,-0.112876506,0.2853025937,-0.03479666192,-0.05483346076,0.3483606557,0.1232297657,-0.01263519488,"Indianapolis, IN",26900,2026-04-14 14:25:48.665 Z,2025,2,Hendricks,entry,suburb,6.84,99988,179379,259,119,0,285000,440755,0,378,3.84,1755.1309585198514,0.21064099194141514,0,1,1,1,202502,3,2.1072700817821484
2021-11-01,2021-11-30,30,county,5,842,FALSE,"Hamilton County, IN",NA,Indiana,IN,Single Family Residential,6,366207.5,-0.007230101295,0.114719043,350000,-0.02777777778,0.1166322372,139.822130261,-0.02418871197,0.1605692796,143.926309729,0.02228378864,0.1376794752,667,0.001501501502,0.01060606061,555,-0.1765578635,-0.0414507772,418,-0.2614840989,-0.007125890736,288,-0.2044198895,-0.4586466165,0.4,-0.1,-0.4,5,0,-3,1.012669586,-0.005485736917,0.02061797057,0.4767616192,-0.06377892135,0.1964585889,0.2881944444,0.03957565991,-0.08774540518,0.6216216216,-0.03564840805,0.1397563366,"Indianapolis, IN",26900,2026-04-14 14:25:48.665 Z,2021,11,Hamilton,entry,suburb,3.07,117957,357176,857,575,24,286000,491850,1387500,1456,0.06999999999999984,1246.2441974782828,0.12678289859643255,0,0,1,0,202111,2,4.076421708065492
2023-01-01,2023-01-31,30,county,5,842,FALSE,"Hamilton County, IN",NA,Indiana,IN,Single Family Residential,6,419000,0.003592814371,0.1479452055,410000,-0.02368748475,0.09333333333,150.951199338,-0.02351083499,0.01526973519,164.807302231,0.03167307109,0.09875453996,327,-0.3243801653,-0.04664723032,442,0.1601049869,0.01609195402,307,0.1628787879,-0.1680216802,480,-0.2039800995,0.9834710744,1.5,0.3,0.8,32,6,26,0.9808158601,-0.00405466314,-0.02925740853,0.1498470948,-0.01130992999,-0.3137097565,0.325,-0.03155058043,0.1555785124,0.3642533937,0.007298013088,-0.2817236178,"Indianapolis, IN",26900,2026-04-14 14:25:48.665 Z,2023,1,Hamilton,mid_luxury,suburb,6.27,117957,357176,331,328,36,270000,494497,8173314,695,3.2699999999999996,2068.24619402642,0.21040679508903282,0,1,1,1,202301,2,1.9458194279570857
2025-05-01,2025-05-31,30,county,5,842,FALSE,"Hamilton County, IN",NA,Indiana,IN,Single Family Residential,6,480000,0.02893890675,0.08229988726,460000,0.02222222222,0.03382402517,173.267326733,-0.009074943421,0.03184153278,178.268251273,0.009631404408,0.02887816374,539,0.1090534979,0.005597014925,610,0.03565365025,0.04991394148,693,0.11414791,0.125,847,0.1963276836,0.2346938776,1.6,0.1,0.3,10,-1,3,0.9937436178,-1.547862532e-4,-0.004818058529,0.2987012987,0.01475068142,-0.0315225819,0.3435655254,0.04978021465,-0.0179505096,0.5442622951,-0.02110273038,0.01242064276,"Indianapolis, IN",26900,2026-04-14 14:25:48.665 Z,2025,5,Hamilton,mid_luxury,suburb,6.82,117957,357176,689,1013,88,299900,520000,1360000,1790,3.8200000000000003,2508.510598724859,0.25519576781961484,0,1,1,1,202505,2,5.011534929558537
2022-02-01,2022-02-28,30,county,5,845,FALSE,"Hendricks County, IN",NA,Indiana,IN,Single Family Residential,6,290000,-0.05032616384,0.137254902,313622.5,0.08147554268,0.25449,147.911894651,0.07270768637,0.2718824539,145.32462502,-0.03593879525,0.2424170927,188,0.05617977528,-0.05527638191,203,0,0.1734104046,182,0.1818181818,0.3382352941,152,0.02013422819,0.3693693694,0.8,0,0.2,5,-1,-6,1.005050506,-0.002267609529,0.0049054651,0.4627659574,0.06388955295,0.131107666,0.09868421053,-0.05567820558,-0.009423897582,0.6502463054,0.07881773399,0.0606509297,"Indianapolis, IN",26900,2026-04-14 14:25:48.665 Z,2022,2,Hendricks,entry,suburb,3.76,99988,179379,367,82,0,255000,430000,0,449,0.7599999999999998,1075.745052376819,0.12910489887308305,0,0,1,0,202202,3,2.5030800706883194
2025-07-01,2025-07-31,30,county,5,845,FALSE,"Hendricks County, IN",NA,Indiana,IN,Single Family Residential,6,365250,-0.02339572193,0.04584240064,360000,2.778549597e-4,0.02886539011,156.569282945,-0.007061693384,-0.02466876789,165.224232887,0.05262856734,0.04025906683,254,-0.0078125,0.149321267,290,-0.01360544218,0.03571428571,275,-0.06462585034,0.04562737643,523,0.007707129094,0.224824356,2.1,0.1,0.2,15,-1,-6,0.9864328696,-0.001965679734,-0.002979488395,0.1968503937,-0.0843996063,0.03847935298,0.5334608031,0.08259375104,0.03463176325,0.3344827586,-0.1485104387,-0.008374384236,"Indianapolis, IN",26900,2026-04-14 14:25:48.665 Z,2025,7,Hendricks,entry,suburb,6.72,99988,179379,414,250,3,285000,463590,1050000,667,3.7199999999999998,1889.380353950008,0.2267528528163389,0,1,1,1,202507,3,3.718383980287548
2021-05-01,2021-05-31,30,county,5,842,FALSE,"Hamilton County, IN",NA,Indiana,IN,Single Family Residential,6,361000,0.0292333637,0.1703679689,350000,0,0.05598213882,134.501558288,0.006098945773,0.1785415969,136.310479945,0.05541586618,0.1775216574,712,0.1966386555,0.2191780822,728,0.03116147309,-0.1078431373,614,-0.01286173633,-0.1878306878,375,-0.05541561713,-0.6196754564,0.5,-0.2,-1.2,4,0,-11,1.024989328,0.01019141823,0.03968908373,0.5351123596,0.04267538476,0.3364822226,0.1893333333,-0.02981024349,-0.09058553076,0.7348901099,0.05925271612,0.2067038354,"Indianapolis, IN",26900,2026-04-14 14:25:48.665 Z,2021,5,Hamilton,entry,suburb,2.96,117957,357176,1324,795,44,275000,480000,1391581,2163,-0.040000000000000036,1211.3710319254174,0.12323518216896842,0,0,1,0,202105,2,6.055838018231908
2025-06-01,2025-06-30,30,county,5,862,FALSE,"Marion County, IN",NA,Indiana,IN,Single Family Residential,6,255000,-0.03773584906,-0.02764537655,265000,-0.01468674475,0.06,142.876274617,-0.01589918091,-0.005714814065,145.174176357,2.215159046e-4,0.04033732027,1056,-0.05882352941,0.06774519717,1140,-0.07692307692,-0.06327033689,1289,-0.0598103574,0.07059800664,2430,0.1005434783,0.2843551797,2.3,0.3,0.4,14,0,1,0.982760323,-0.006567504032,-0.008210325496,0.2613636364,-0.02473262032,-0.02781735454,0.4263374486,0.02461643407,-0.00389510958,0.4824561404,0.01282051282,-0.008094393749,"Indianapolis, IN",26900,2026-04-14 14:25:48.665 Z,2025,6,Marion,entry,metro,6.82,63450,971822,1526,258,15,204000,469625,1300000,1799,3.8200000000000003,1332.6462555725814,0.2520371168931596,0,1,0,0,202506,5,1.8511620440780308
2024-12-01,2024-12-31,30,county,5,862,FALSE,"Marion County, IN",NA,Indiana,IN,Single Family Residential,6,243500,-0.0256102441,0.03617021277,239900,-4.166666667e-4,0.09045454545,137.593283582,-0.01132971506,0.07116595362,138.463891932,0.0116895582,0.05775053485,837,0.03333333333,0.03461063041,746,-0.2180293501,-0.05689001264,552,-0.3117206983,-0.03664921466,1933,-0.1249434133,0.1058352403,2.3,-0.4,0.1,30,7,2,0.9764176334,-0.0038143955,-0.001276477502,0.1708482676,-0.0489048188,2.673034692e-4,0.3021210554,-0.09353308679,0.01321945352,0.2600536193,-0.036592083,-0.02313222141,"Indianapolis, IN",26900,2026-04-14 14:25:48.665 Z,2024,12,Marion,entry,metro,6.72,63450,971822,1184,173,7,200000,479900,1500000,1364,3.7199999999999998,1259.5869026333387,0.23821974517888203,0,1,0,0,202412,5,1.403549209628924
2025-03-01,2025-03-31,30,county,5,854,FALSE,"Johnson County, IN",NA,Indiana,IN,Single Family Residential,6,315000,-0.0594207226,-0.015625,349900,0.06062443165,0.04447761194,152.529761905,0.01700249356,-0.0184156101,157.961246841,-0.01200776654,0.008212863283,199,0.09944751381,0.1775147929,249,0.05957446809,0.004032258065,229,0.2793296089,0.2052631579,352,-0.008450704225,0.3085501859,1.8,-0.2,0.2,34,-13,2,0.9805559556,0.001988483116,-0.001893126653,0.1507537688,-0.009467225631,-0.009009544765,0.3267045455,-0.0254081306,-0.0561950828,0.4176706827,0.064479193369999993,-0.05007125275,"Indianapolis, IN",26900,2026-04-14 14:25:48.665 Z,2025,3,Johnson,entry,suburb,6.65,87227,163983,309,109,6,252000,458391,1625000,424,3.6500000000000004,1617.7514775562831,0.22255743898879243,0,1,1,1,202503,4,2.5856338766823392
2021-12-01,2021-12-31,30,county,5,819,FALSE,"Boone County, IN",NA,Indiana,IN,Single Family Residential,6,343250,0.1126418152,-0.02014938262,304850,-0.07340425532,0.01616666667,139.778837107,0.02737445274,0.1461656634,149.81146721,0.02865298881,0.1541031548,126,0.07692307692,0.26,80,-0.2,-0.05882352941,66,-0.2048192771,0.4347826087,98,-0.06666666667,0.07692307692,0.8,-0.1,-0.1,9,2,-23,0.9933549826,3.430119931e-4,0.01029732905,0.2777777778,-0.0641025641,0.1177777778,0.2346938776,0.03469387755,-0.05102040816,0.45,-0.02,0.03823529412,"Indianapolis, IN",26900,2026-04-14 14:25:48.665 Z,2021,12,Boone,entry,suburb,3.1,104865,72827,133,67,6,230000,599159,1126069.7850000001,206,0.10000000000000009,1172.5870313922835,0.13418246675923715,0,0,1,0,202112,1,2.8286212531066774
2022-05-01,2022-05-31,30,county,5,845,FALSE,"Hendricks County, IN",NA,Indiana,IN,Single Family Residential,6,331000,0.034375,0.1992753623,340000,0.01492537313,0.3076923077,149.305555556,-0.0144312612,0.1820453672,150.199491851,0.02155684985,0.1993657962,251,0.01619433198,-0.1254355401,321,0.13028169010000001,0.1068965517,321,0.2588235294,0.2298850575,209,0.2011494253,0.6587301587,0.8,0.1,0.4,4,0,0,1.029541579,0.007836945874,0.00335777954,0.6055776892,0.09140764876,0.009758873912,0.2679425837,0.08978166419,0.05365686945,0.7445482866,0.04736518801,-0.05889998926,"Indianapolis, IN",26900,2026-04-14 14:25:48.665 Z,2022,5,Hendricks,entry,suburb,5.23,99988,179379,399,178,3,265000,448844,1100000,580,2.2300000000000004,1458.9568985174517,0.17509583932281292,0,1,1,1,202205,3,3.233377374163085
2024-09-01,2024-09-30,30,county,5,845,FALSE,"Hendricks County, IN",NA,Indiana,IN,Single Family Residential,6,341000,-0.05670816044,0.007415285533,338352.5,0.01015823257,0.01000746269,159.388646288,0.06254346637,0.03752385509,165.850128601,0.02400722043,0.05434056865,191,-0.2107438017,0.02139037433,239,0.01271186441,0.08636363636,238,0.05309734513,0.08181818182,449,0.03935185185,0.2719546742,2.4,0.6,0.5,19,-3,5,0.9824706529,-0.003491116389,-0.004232204262,0.1518324607,-0.04651464671,-0.01929053392,0.4521158129,0.0748009981,-0.06346492363,0.3347280335,-0.01272959365,-0.08345378471,"Indianapolis, IN",26900,2026-04-14 14:25:48.665 Z,2024,9,Hendricks,entry,suburb,6.18,99988,179379,361,212,1,279900,459850,1575000,574,3.1799999999999997,1667.2765598039425,0.20009719884033392,0,1,1,1,202409,3,3.1999286427062255
2024-12-01,2024-12-31,30,county,5,819,FALSE,"Boone County, IN",NA,Indiana,IN,Single Family Residential,6,427030,0.1544471479,0.1387466667,360495,-0.0987625,0.07613660109,173.709053917,0.03505067412,0.07941541973,182.188844505,0.03172486451,0.1842274893,77,-0.1538461538,0.1846153846,66,-0.2235294118,-0.1315789474,52,-0.2352941176,0,141,-0.04081632653,-0.1075949367,1.8,0.2,-0.6,37,14,-1,0.9786642695,-0.01314549904,3.772964372e-4,0.1298701299,-0.01298701299,0.05294705295,0.3191489362,0.02663192937,0.05965526528,0.2727272727,-0.009625668449,0.03588516746,"Indianapolis, IN",26900,2026-04-14 14:25:48.665 Z,2024,12,Boone,mid_luxury,suburb,6.72,104865,72827,105,75,9,269975,532000,1500000,189,3.7199999999999998,2208.9585011561176,0.25277739964595825,0,1,1,1,202412,1,2.5951913438697183
2024-08-01,2024-08-31,30,county,5,819,FALSE,"Boone County, IN",NA,Indiana,IN,Single Family Residential,6,405000,0.0253164557,0.05194805195,410000,6.097598156e-6,0.0341783327,165.007857517,0.02150176794,0.02148949042,172.779136104,0.01829906474,-0.01089237189,117,-0.07874015748,-0.198630137,111,-0.112,0.02777777778,103,0.0404040404,-0.162601626,172,-0.01714285714,-0.01714285714,1.5,0.1,0.3,27,7,13,0.9756191749,-0.004295057119,-0.01576080931,0.1538461538,-0.01150817686,-0.05163329821,0.4360465116,0.01318936877,0.09318936877,0.3873873874,0.02738738739,-0.06631631632,"Indianapolis, IN",26900,2026-04-14 14:25:48.665 Z,2024,8,Boone,mid_luxury,suburb,6.5,104865,72827,106,93,13,297875,447525,1500000,212,3.5,2047.9003961172077,0.23434706292286742,0,1,1,1,202408,1,2.9110082798961923
2022-07-01,2022-07-31,30,county,5,845,FALSE,"Hendricks County, IN",NA,Indiana,IN,Single Family Residential,6,333000,-0.02058823529,0.15625,325000,-0.04411764706,0.1711711712,154.64113655,0.01434101432,0.2109590539,149.213777103,-0.01135214542,0.1242660289,270,-0.1401273885,-0.15360501570000001,309,0,-0.0664652568,301,-0.1497175141,-0.1568627451,329,0.08223684211,0.6616161616,1.2,0.2,0.6,5,1,1,1.016734412,-0.008487978086,-0.01323211126,0.5185185185,-0.04836046237,-0.1178451178,0.5227963526,0.1774016157,0.26017009,0.6375404531,0.006472491909,-0.1600426285,"Indianapolis, IN",26900,2026-04-14 14:25:48.665 Z,2022,7,Hendricks,entry,suburb,5.41,99988,179379,349,199,4,255000,440000,1428080,552,2.41,1497.5813851448745,0.17973133397746222,0,1,1,1,202207,3,3.0772832940310737
2024-02-01,2024-02-29,30,county,5,862,FALSE,"Marion County, IN",NA,Indiana,IN,Single Family Residential,6,235000,0.02173913043,0.02173913043,245000,0,0.07503290917,131.972111554,0.0247921358,0.05098579518,137.588276836,0.008224865574,0.03437410116,760,0.2687813022,0.01876675603,1060,0.04433497537,0.02415458937,953,0.3498583569,0.1551515152,1483,-0.007362784471,0.04879773692,2,-0.5,0.1,39,0,-2,0.9709657741,-0.005112507934,-0.002326095204,0.1855263158,0.03193700026,0.007242133484,0.3135536076,-0.06797249687,-0.02166562866,0.4603773585,0.1500325309,0.01689909762,"Indianapolis, IN",26900,2026-04-14 14:25:48.665 Z,2024,2,Marion,entry,metro,6.78,63450,971822,1246,136,9,190000,464500,1525000,1391,3.7800000000000002,1223.1158124954743,0.2313221394790495,0,1,0,0,202402,5,1.43133207521542
2021-04-01,2021-04-30,30,county,5,842,FALSE,"Hamilton County, IN",NA,Indiana,IN,Single Family Residential,6,350746.5,0.06290039092,0.1314403226,350000,0.008645533141,0.08362488003,133.686213322,0.02832284089,0.1964715034,129.153335963,0.008380045924,0.09819556838,595,0.1689587426,0.07789855072,706,0.06165413534,0.2256944444,622,0.09122807018,0.1691729323,397,0.05305039788,-0.5911431514,0.7,0,-1.1,4,-1,-10,1.01479791,0.01075218034,0.02573012788,0.4924369748,0.09165112017,0.2569297284,0.2191435768,0.0546873434,-0.03317362194,0.6756373938,-0.005565613751,0.2589707271,"Indianapolis, IN",26900,2026-04-14 14:25:48.665 Z,2021,4,Hamilton,entry,suburb,3.06,117957,357176,1406,691,41,252000,490000,1420000,2138,0.06000000000000005,1192.1084181226379,0.12127555819045631,0,0,1,0,202104,2,5.985844513629136
2023-04-01,2023-04-30,30,county,5,854,FALSE,"Johnson County, IN",NA,Indiana,IN,Single Family Residential,6,295000,-0.01337792642,0.06498194946,315000,-0.04255319149,0.05035011671,152.268489745,0.03720962889,0.01029771468,157.232704403,0.0044783312,0.06666444793,195,-0.06698564593,-0.140969163,227,-0.1433962264,-0.2062937063,200,-0.09090909091,-0.3103448276,234,-0.02092050209,0.3448275862,1.2,0.1,0.4,13,-16,9,0.992038727,0.009641618828,-0.03641680532,0.2307692308,0.03459698197,-0.368349712,0.3632478632,-0.0342416765,0.1218685529,0.5594713656,0.1104147619,-0.1852838791,"Indianapolis, IN",26900,2026-04-14 14:25:48.665 Z,2023,4,Johnson,entry,suburb,6.34,87227,163983,226,83,0,245500,479995,0,309,3.34,1466.934789626984,0.20180927322416004,0,1,1,1,202304,4,1.8843416695633084
2024-03-01,2024-03-31,30,county,5,854,FALSE,"Johnson County, IN",NA,Indiana,IN,Single Family Residential,6,320000,0.02564102564,0.07023411371,335000,-0.04258359531,0.01823708207,155.391389139,0.03381528116,0.05848193104,156.674500588,0.008960939385,9.122560717e-4,169,0.01807228916,-0.1913875598,248,0.2588832487,-0.0641509434,190,0.01604278075,-0.1363636364,269,-0.06920415225,0.1255230126,1.6,-0.1,0.5,32,-10,3,0.9824490823,0.00661253639,5.197414424e-5,0.1597633136,0.02120909674,-0.03640893519,0.3828996283,0.1130034345,-0.0145899115,0.4677419355,0.05657442279,0.01868533171,"Indianapolis, IN",26900,2026-04-14 14:25:48.665 Z,2024,3,Johnson,entry,suburb,6.82,87227,163983,200,77,5,255000,443936,1710000,282,3.8200000000000003,1672.340399149906,0.23006735058868094,0,1,1,1,202403,4,1.7196904557179709
2024-10-01,2024-10-31,30,county,5,819,FALSE,"Boone County, IN",NA,Indiana,IN,Single Family Residential,6,399990,-0.01237037037,0.01404358722,375000,-0.03846153846,0.1029573964,169.507942658,-0.02563865078,0.08210506702,172.036449091,0.01219477998,0.04862497145,97,-0.09345794393,-0.03,92,-0.1785714286,-0.1929824561,82,-0.1960784314,0.05128205128,163,-0.04117647059,0.01875,1.7,0.1,0.1,22,-7,-6,0.9845159322,0.002093811239,0.003950786758,0.1546391753,-0.05096830138,0.03463917526,0.4601226994,0.007181522916,-0.1648773006,0.3043478261,-0.07958074534,0.0236460717,"Indianapolis, IN",26900,2026-04-14 14:25:48.665 Z,2024,10,Boone,mid_luxury,suburb,6.43,104865,72827,100,69,11,287500,483000,1500000,180,3.4299999999999997,2007.8586451385206,0.2297649715506818,0,1,1,1,202410,1,2.4716108036854463
2025-01-01,2025-01-31,30,county,5,862,FALSE,"Marion County, IN",NA,Indiana,IN,Single Family Residential,6,242990,-0.002094455852,0.05647826087,239900,0,-0.02081632653,132.923368023,-0.03393999647,0.03217884908,137.450910389,-0.007315853458,0.007218266242,613,-0.2676224612,0.02337228715,891,0.1943699732,-0.1221674877,814,0.4746376812,0.1529745042,1897,-0.01862390067,0.2697456493,3.1,0.8,0.6,42,12,3,0.9754448551,-9.727782831e-4,-6.33426936e-4,0.1712887439,4.404762601e-4,0.01769942836,0.327886136,0.02576508065,-0.05363996841,0.2861952862,0.02614166689,-0.02414954139,"Indianapolis, IN",26900,2026-04-14 14:25:48.665 Z,2025,1,Marion,entry,metro,6.96,63450,971822,1033,131,10,177500,446362,1794000,1174,3.96,1288.0769272546268,0.24360792950442114,0,1,0,0,202501,5,1.2080401555017277
2023-09-01,2023-09-30,30,county,5,854,FALSE,"Johnson County, IN",NA,Indiana,IN,Single Family Residential,6,299950,-0.04951279411,-1.666666667e-4,307500,0.02500341668,0.01151315789,151.216601542,-0.0155299504,0.03281108674,156.964279539,0.01524960276,0.08167173127,196,-0.08411214953,-0.216,196,-0.1210762332,-0.1327433628,209,-0.02790697674,-0.1504065041,327,0.1275862069,-0.1233243968,1.7,0.3,0.2,16,2,4,0.9820946355,-0.006768951696,-0.005743079439,0.1683673469,-0.0372401297,-0.07563265306,0.504587156,0.03217336286,-0.02892490838,0.3928571429,-0.09593209481,-0.1292667509,"Indianapolis, IN",26900,2026-04-14 14:25:48.665 Z,2023,9,Johnson,entry,suburb,7.2,87227,163983,216,77,1,250000,453880,2923493,294,4.2,1628.8201874381273,0.22408018445272138,0,1,1,1,202309,4,1.7928687729825652
2024-10-01,2024-10-31,30,county,5,854,FALSE,"Johnson County, IN",NA,Indiana,IN,Single Family Residential,6,315000,0.01612903226,0.05882352941,349000,0.07384615385,0.2034482759,163.076923077,0.02867183366,0.07238677596,157.690441533,-0.02366011012,-0.005271647193,231,0.04054054054,0.5,246,0.04237288136,0.3591160221,254,-0.01930501931,0.3025641026,491,0.03151260504,0.4613095238,2.1,0,-0.1,22,5,0,0.9815770245,0.003889392277,5.550367614e-4,0.1471861472,0.003042003042,-0.03463203463,0.4867617108,0.06029112256,-0.02811924159,0.3495934959,-0.06142345322,-0.09792031622,"Indianapolis, IN",26900,2026-04-14 14:25:48.665 Z,2024,10,Johnson,entry,suburb,6.43,87227,163983,319,112,2,250000,482325,1465000,433,3.4299999999999997,1581.228213751929,0.2175328575443744,0,1,1,1,202410,4,2.640517614630785
2024-07-01,2024-07-31,30,county,5,819,FALSE,"Boone County, IN",NA,Indiana,IN,Single Family Residential,6,395000,-0.06784660767,-0.01999702278,409997.5,0.02499503124,0.006264649216,161.534578496,-0.04201754087,-9.196960163e-4,169.674255911,0.0427632656,0.07156723305,127,0.05833333333,-0.07299270073,125,-0.007936507937,-0.1496598639,99,-0.1538461538,-0.08333333333,175,-0.03314917127,0.1589403974,1.4,-0.1,0.3,20,5,4,0.979914232,-0.008233007891,-0.004124936309,0.1653543307,-0.1179790026,-0.05362377148,0.4228571429,-0.04123125493,-0.1135666982,0.36,-0.04476190476,-0.02095238095,"Indianapolis, IN",26900,2026-04-14 14:25:48.665 Z,2024,7,Boone,mid_luxury,suburb,6.85,104865,72827,135,84,13,285000,491595,1565000,232,3.8499999999999996,2070.6191141576824,0.23694683039996364,0,1,1,1,202407,1,3.1856317025279086
2025-04-01,2025-04-30,30,county,5,845,FALSE,"Hendricks County, IN",NA,Indiana,IN,Single Family Residential,6,370000,0.04519774011,0.05744498428,372000,0.02479338843,0.03333333333,155.059888579,-0.005624983574,-0.01182009299,161.237901994,0.008000843566,-0.0142878775,247,0.1026785714,0.1818181818,262,-0.033210332100000003,0.06504065041,270,0.01886792453,0.07142857143,417,0.112,0.2228739003,1.7,0,0.1,27,-7,10,0.9849799894,3.897617705e-4,-0.005520285931,0.1578947368,-0.02960526316,-0.06220095694,0.3309352518,-0.007731414868,-0.1265427541,0.4198473282,-8.168783978e-4,-0.019177062,"Indianapolis, IN",26900,2026-04-14 14:25:48.665 Z,2025,4,Hendricks,entry,suburb,6.73,99988,179379,312,213,1,289995,438990,2063057,526,3.7300000000000004,1915.9168621271594,0.22993761596917542,0,1,1,1,202504,3,2.9323387910513494
2021-06-01,2021-06-30,30,county,5,842,FALSE,"Hamilton County, IN",NA,Indiana,IN,Single Family Residential,6,370000,0.02493074792,0.194550268,349950,-1.428571429e-4,0.07676923077,136.551617874,0.01524190212,0.1935181477,132.460895822,-0.02824129241,0.1200539813,763,0.07162921348,0.02278820375,821,0.1277472527,-0.1639511202,773,0.2589576547,0.003896103896,421,0.1226666667,-0.5166475316,0.6,0.1,-0.6,4,0,-9,1.029898085,0.004908756881,0.04152650414,0.5845347313,0.04942237177,0.3499502809,0.325415677,0.1360823436,-0.02360843326,0.7649208283,0.03003071837,0.2730674678,"Indianapolis, IN",26900,2026-04-14 14:25:48.665 Z,2021,6,Hamilton,entry,suburb,2.98,117957,357176,1268,850,32,270000,500000,1335622.5,2150,-0.020000000000000018,1244.7574082758588,0.1266316445765008,0,0,1,0,202106,2,6.0194413958384665
2022-09-01,2022-09-30,30,county,5,845,FALSE,"Hendricks County, IN",NA,Indiana,IN,Single Family Residential,6,325000,-0.01515151515,0.1775362319,318000,-0.02152340805,0.1357142857,149.91014975,-0.05256785358,0.1097634229,155.654383736,0.04261633628,0.1640985677,269,-0.0819112628,-0.1003344482,247,-0.1627118644,-0.24,245,-0.1155234657,-0.1638225256,369,0.08849557522,0.7826086957,1.4,0.2,0.7,7,0,2,0.9949484459,-0.01019954328,-0.02072003762,0.282527881,-0.07924686299,-0.2726560654,0.5420054201,0.04643019882,0.2279957582,0.4615384615,-0.08083441982,-0.2246153846,"Indianapolis, IN",26900,2026-04-14 14:25:48.665 Z,2022,9,Hendricks,entry,suburb,6.11,99988,179379,313,194,5,275000,450240,1580000,512,3.1100000000000003,1577.2662436560106,0.18929466459847308,0,1,1,1,202209,3,2.854291750985344
2021-12-01,2021-12-31,30,county,5,845,FALSE,"Hendricks County, IN",NA,Indiana,IN,Single Family Residential,6,314007.5,0.01557282276,0.2816632653,304950,-0.01597289448,0.270625,140.954030044,0.0661645572,0.2403794318,139.695234361,-0.03306724503,0.1707821044,258,-0.007692307692,-0.1886792453,221,-0.09426229508,-0.03493449782,150,-0.1978609626,-0.08536585366,171,-0.1275510204,0.07547169811,0.7,-0.1,0.2,7,2,0,1.0056254,-0.00458494156,0.01461940564,0.4147286822,-0.05834824091,0.160011701,0.2514619883,-0.2026196443,-0.02526757144,0.5294117647,-0.01157184185,-0.007706139224,"Indianapolis, IN",26900,2026-04-14 14:25:48.665 Z,2021,12,Hendricks,entry,suburb,3.1,99988,179379,434,116,2,280000,433365,1050000,552,0.10000000000000009,1072.6908150325198,0.12873834640547102,0,0,1,0,202112,3,3.0772832940310737
2021-10-01,2021-10-31,30,county,5,842,FALSE,"Hamilton County, IN",NA,Indiana,IN,Single Family Residential,6,368874.5,0.03471107994,0.1303553097,360000,0.02886539011,0.1392585326,143.288084465,0.02318546947,0.1782101559,140.788997467,-0.009517459115,0.1469782546,666,-0.1236842105,-0.1767614339,674,-0.005899705015,-0.09651474531,566,-0.003521126761,-0.1319018405,362,-0.06940874036,-0.4198717949,0.5,0,-0.3,5,0,-4,1.018155322,-0.001022828846,0.02650718146,0.5405405405,0.03001422475,0.2525306518,0.2486187845,-0.02901617691,-0.1744581385,0.6572700297,0.01862696183,0.1103531396,"Indianapolis, IN",26900,2026-04-14 14:25:48.665 Z,2021,10,Hamilton,entry,suburb,3.07,117957,357176,707,437,29,280000,490000,1250000,1173,0.06999999999999984,1255.320290334586,0.1277062275576272,0,0,1,0,202110,2,3.2840952359621025
2024-05-01,2024-05-31,30,county,5,862,FALSE,"Marion County, IN",NA,Indiana,IN,Single Family Residential,6,256000,0.02144638404,0.02708124373,259900,0.0396,0.0396,140.043103448,-0.006302848576,0.06051239097,142.001752071,-0.005987735505,0.01772184608,1074,0.03667953668,-0.0262919311,1235,-0.0206185567,-0.04337722696,1289,0.1277340332,0.1064377682,1787,0.1529032258,0.344620015,1.7,0.2,0.5,12,1,4,0.9875871856,-0.002802498314,-0.009303759247,0.2793296089,-0.01893293932,-0.1041699378,0.4006715165,-0.01739299962,-0.02897483413,0.5109311741,2.253850328e-4,-0.06769004977,"Indianapolis, IN",26900,2026-04-14 14:25:48.665 Z,2024,5,Marion,entry,metro,7.06,63450,971822,1558,242,15,200000,469000,1219332,1815,4.06,1370.8020569437651,0.25925334410283973,0,1,0,0,202405,5,1.867625964425584
2021-03-01,2021-03-31,30,county,5,845,FALSE,"Hendricks County, IN",NA,Indiana,IN,Single Family Residential,6,275500,0.08039215686,0.1728395062,264900,0.0596,0.05981196239,118.953886906,0.02287488061,0.1102362778,118.571049137,0.01369398426,0.1137659995,196,-0.01507537688,-0.231372549,263,0.5202312139,-0.01127819549,211,0.5514705882,-0.238267148,91,-0.1801801802,-0.728358209,0.5,-0.1,-0.8,4,-7,-15,1.007712027,0.007566986303,0.0223271189,0.4234693878,0.0918110963,0.231312525,0.2527472527,0.1446391446,-0.0188945383,0.7338403042,0.1442449285,0.1436147403,"Indianapolis, IN",26900,2026-04-14 14:25:48.665 Z,2021,3,Hendricks,entry,suburb,3.08,99988,179379,428,76,0,254000,426701,0,504,0.08000000000000007,938.7516396128057,0.11266371639950461,0,0,1,0,202103,3,2.809693442376198
2025-10-01,2025-10-31,30,county,5,862,FALSE,"Marion County, IN",NA,Indiana,IN,Single Family Residential,6,255000,0.02,0.04081632653,250000,0.004016064257,0.02040816327,140.58062533,-0.002908846598,0.006113750678,138.59067513,-0.01766879548,-0.01756904736,925,-0.006444683136,0.006528835691,1025,-0.04384328358,-0.05092592593,1201,0.002504173623,0.05814977974,2857,0.05814814815,0.1999160017,3.1,0.2,0.5,27,-3,6,0.9715058677,-0.005561075845,-0.008488251728,0.1556756757,-0.03014602142,-0.03910125577,0.4728736437,0.01842919924,0.0239026231,0.323902439,-0.001657262468,-0.04369015357,"Indianapolis, IN",26900,2026-04-14 14:25:48.665 Z,2025,10,Marion,entry,metro,6.25,63450,971822,1446,215,12,200000,469000,1105000,1673,3.25,1256.0630888698447,0.2375533028595451,0,1,0,0,202510,5,1.7215086713410481
2021-06-01,2021-06-30,30,county,5,862,FALSE,"Marion County, IN",NA,Indiana,IN,Single Family Residential,6,215000,0.0487804878,0.1813186813,209900,0.02390243902,0.1269798658,116.504854369,0.00615112969,0.1828669332,112.962096644,-0.01366253509,0.1093446127,1666,0.2125181951,0.1325628824,1727,0.003486345148,-0.01651480638,1631,0.1232782369,0.2189835575,1264,0.1000870322,-0.1623591783,0.8,0,-0.2,4,-1,-7,1.019856984,0.004554575952,0.03464039465,0.5462184874,0.03457365479,0.262737862,0.3939873418,0.07544948276,0.02619410122,0.6965836711,0.00280098662,0.1316633978,"Indianapolis, IN",26900,2026-04-14 14:25:48.665 Z,2021,6,Marion,entry,metro,2.98,63450,971822,2197,247,10,185000,471821,1450000,2454,-0.020000000000000018,723.3049804846206,0.1367952681767604,0,0,0,0,202106,5,2.5251537833059965
2024-02-01,2024-02-29,30,county,5,845,FALSE,"Hendricks County, IN",NA,Indiana,IN,Single Family Residential,6,350000,0.02957074254,0.1137629276,349000,-0.002857142857,0.09438695516,148.873046204,5.48893055e-4,-0.01203723002,160.408312067,0.03765400083,0.02617679934,166,0.1527777778,0.2205882353,241,0.181372549,0.2751322751,194,0.2125,0.1757575758,294,-0.04545454545,0.4626865672,1.8,-0.3,0.3,35,3,-5,0.9831844725,0.00661482992,0.004669437392,0.156626506,0.05245983936,-0.02719702339,0.3401360544,0.04143475572,0.01177784547,0.3609958506,0.03256447807,-0.1628136732,"Indianapolis, IN",26900,2026-04-14 14:25:48.665 Z,2024,2,Hendricks,entry,suburb,6.78,99988,179379,359,188,0,279900,438000,0,547,3.7800000000000002,1821.6618483975149,0.21862565688652816,0,1,1,1,202402,3,3.049409351150358
2025-01-01,2025-01-31,30,county,5,845,FALSE,"Hendricks County, IN",NA,Indiana,IN,Single Family Residential,6,331500,-0.03280864783,-0.02484942528,349900,0.02912521416,-2.857142857e-4,152.453591502,-0.03351933631,0.02461309222,163.163716814,0.0230936461,0.055478244,124,-0.3980582524,-0.1388888889,191,0.2565789474,-0.0637254902,156,0.3448275862,-0.025,403,-0.05399061033,0.3084415584,3.3,1.2,1.2,40,7,8,0.9770339961,-0.00446321718,4.643535477e-4,0.1532258065,0.04157532101,0.04905913978,0.3200992556,0.0712729645,0.02139795688,0.2251308901,-0.05776384679,-0.1033004825,"Indianapolis, IN",26900,2026-04-14 14:25:48.665 Z,2025,1,Hendricks,entry,suburb,6.96,99988,179379,214,92,1,280000,425000,2180602,307,3.96,1757.2636791016453,0.21089694912609255,0,1,1,1,202501,3,1.7114600928759778
2021-02-01,2021-02-28,30,county,5,845,FALSE,"Hendricks County, IN",NA,Indiana,IN,Single Family Residential,6,255000,0.0625,0.07708553326,250000,-0.07390257455,0.09649122807,116.293682796,0.007836123858,0.1168292249,116.969273743,-0.04213915027,0.07202907197,199,0.1845238095,0.2283950617,173,-0.1953488372,-0.337164751,136,-0.1052631579,-0.3267326733,111,-0.119047619,-0.6211604096,0.6,-0.2,-1.2,11,4,-26,1.000145041,0.007900091889,0.01730367525,0.3316582915,0.02808686289,0.1526459458,0.1081081081,-0.2887172887,-0.2639055438,0.5895953757,0.04075816642,0.1144995903,"Indianapolis, IN",26900,2026-04-14 14:25:48.665 Z,2021,2,Hendricks,entry,suburb,2.81,99988,179379,374,42,3,230000,429862.5,1250000,419,-0.18999999999999995,839.3095661066023,0.1007292354410452,0,0,1,0,202102,3,2.3358364134040217
2022-10-01,2022-10-31,30,county,5,845,FALSE,"Hendricks County, IN",NA,Indiana,IN,Single Family Residential,6,329000,0.01230769231,0.200729927,300497.5,-0.05503930818,0.0155373437,150.115473441,0.001369645024,0.1055757176,154.533898305,-0.007198547215,0.0921265434,217,-0.1933085502,-0.3197492163,252,0.02024291498,-0.09025270758,202,-0.1755102041,-0.1687242798,340,-0.07859078591,0.6267942584,1.6,0.2,0.9,14,7,9,0.9916227363,-0.003325709546,-0.02237472966,0.2764976959,-0.006030185188,-0.2532828684,0.5294117647,-0.01259365535,0.2853926259,0.4325396825,-0.028998779,-0.1883989456,"Indianapolis, IN",26900,2026-04-14 14:25:48.665 Z,2022,10,Hendricks,entry,suburb,6.9,99988,179379,282,153,2,295000,440000,1087547.5,437,3.9000000000000004,1733.435548970649,0.20803723034411917,0,1,1,1,202210,3,2.4361826077746
2022-12-01,2022-12-31,30,county,5,854,FALSE,"Johnson County, IN",NA,Indiana,IN,Single Family Residential,6,315000,0.1351351351,0.08620689655,286888.5,-0.043705,-0.043705,141.605163784,-0.02544800938,0.05415514369,144.406507126,-0.001151298404,0.02621785548,186,0.02197802198,-0.3309352518,155,-0.08284023669,-0.2211055276,114,-0.2830188679,-0.2738853503,296,-0.1469740634,1.242424242,1.6,-0.3,1.1,25,9,19,0.9836849899,-0.001968770462,-0.0263991058,0.1344086022,-0.04691007917,-0.3332172971,0.4222972973,-0.05897071423,0.1495700246,0.2903225806,-0.02328688681,-0.3126924947,"Indianapolis, IN",26900,2026-04-14 14:25:48.665 Z,2022,12,Johnson,entry,suburb,6.36,87227,163983,203,69,1,267400,454377,1075000,273,3.3600000000000003,1569.6806943985805,0.21594424126455072,0,1,1,1,202212,4,1.6648067177695247
2022-10-01,2022-10-31,30,county,5,854,FALSE,"Johnson County, IN",NA,Indiana,IN,Single Family Residential,6,290000,-0.03333333333,0.07407407407,269950,-0.1120065789,-1.851851852e-4,150.37593985,0.02706935795,0.07769423559,149.125514403,0.02765325853,0.1074580064,239,-0.044,-0.09811320755,206,-0.08849557522,-0.2589928058,190,-0.2276422764,-0.2519685039,355,-0.04825737265,0.9505494505,1.5,0,0.8,13,1,8,0.9830160205,-0.004821694471,-0.03447308676,0.2259414226,-0.01805857741,-0.3250019736,0.5436619718,0.01014990749,0.2194861477,0.4563106796,-0.06581321419,-0.2451281693,"Indianapolis, IN",26900,2026-04-14 14:25:48.665 Z,2022,10,Johnson,entry,suburb,6.9,87227,163983,270,77,2,242500,461408,1287500,349,3.9000000000000004,1527.9523076033076,0.2102035802130039,0,1,1,1,202210,4,2.1282693937786235
2022-09-01,2022-09-30,30,county,5,819,FALSE,"Boone County, IN",NA,Indiana,IN,Single Family Residential,6,349450,-0.05688129848,-0.00618556701,354900,-0.08976660682,0.183,162.340958571,0.04811483134,0.1726193297,157.342657343,0.04278958863,0.1838161838,131,-0.09655172414,-0.1437908497,104,-0.1612903226,-0.223880597,98,-0.08411214953,-0.1171171171,215,0.02870813397,0.7768595041,1.6,0.2,0.8,16,2,10,0.9956507206,0.004650894106,-0.01265246092,0.2290076336,-0.081337194,-0.2154368109,0.4790697674,0.09150995883,0.1898135691,0.4807692308,-0.0111662531,-0.08639494834,"Indianapolis, IN",26900,2026-04-14 14:25:48.665 Z,2022,9,Boone,entry,suburb,6.11,104865,72827,145,80,10,272285,527500,1692500,235,3.1100000000000003,1695.9251964479784,0.19406954043175265,0,1,1,1,202209,1,3.2268252159226662
2025-09-01,2025-09-30,30,county,5,845,FALSE,"Hendricks County, IN",NA,Indiana,IN,Single Family Residential,6,350000,-0.06040268456,0.02639296188,349945,0.02925,0.03426160587,165.441176471,0.06315858154,0.03797340854,163.856134895,-0.01172260601,-0.012022865,260,-0.02985074627,0.3612565445,250,-0.09090909091,0.0460251046,246,-0.1338028169,0.03361344538,554,0.005444646098,0.2338530067,2.1,0,-0.3,23,-3,4,0.9830157009,0.005746412995,5.450479618e-4,0.1692307692,0.03490241102,0.0173983085,0.4205776173,-0.004104778316,-0.03153819559,0.384,-0.02690909091,0.04927196653,"Indianapolis, IN",26900,2026-04-14 14:25:48.665 Z,2025,9,Hendricks,entry,suburb,6.35,99988,179379,394,213,2,284994.5,470000,2075289.5,609,3.3499999999999996,1742.259975272089,0.20909628858728113,0,1,1,1,202509,3,3.3950462428712394
2024-05-01,2024-05-31,30,county,5,842,FALSE,"Hamilton County, IN",NA,Indiana,IN,Single Family Residential,6,443500,-0.003370786517,-0.01444444444,444950,-0.01111234582,0.01147988179,167.920481225,-0.02891902177,0.01910361019,173.26468532,0.01370220173,0.02417216249,536,0.1143451143,0.005628517824,581,-0.01022146508,-0.02516778523,616,0.02838063439,0.04584040747,686,0.1587837838,0.3294573643,1.3,0.1,0.3,7,-4,2,0.9985616764,-4.581958971e-4,-0.005670835754,0.3302238806,0.03708458746,-0.0731532301,0.361516035,-0.005038019069,-0.03577078672,0.5318416523,-0.06100332212,-0.08728586445,"Indianapolis, IN",26900,2026-04-14 14:25:48.665 Z,2024,5,Hamilton,mid_luxury,suburb,7.06,117957,357176,1256,1491,80,297000,485000,1341000,2827,4.06,2374.807469744375,0.24159388282961164,0,1,1,1,202405,2,7.914865500481556
2024-01-01,2024-01-31,30,county,5,862,FALSE,"Marion County, IN",NA,Indiana,IN,Single Family Residential,6,230000,-0.02127659574,0.06382978723,245000,0.1136363636,0.08888888889,128.779395297,0.00254968977,0.0674989874,136.465863454,0.04248723651,0.02685617834,599,-0.2595797281,0.02920962199,1015,0.2831858407,-0.01837524178,706,0.2321116928,-0.1085858586,1494,-0.1453089245,-0.04046242775,2.5,0.3,-0.2,39,11,8,0.976078282,-0.00161582885,0.009031030602,0.1535893155,-0.01699164863,-0.006204498907,0.3815261044,0.09262450259,-0.01217974016,0.3103448276,0.02715898688,0.01827519509,"Indianapolis, IN",26900,2026-04-14 14:25:48.665 Z,2024,1,Marion,entry,metro,6.64,63450,971822,1056,96,4,175000,451181,1150000,1156,3.6399999999999997,1179.9976963134893,0.2231674130143715,0,1,0,0,202401,5,1.1895182451107302
2022-09-01,2022-09-30,30,county,5,854,FALSE,"Johnson County, IN",NA,Indiana,IN,Single Family Residential,6,300000,0.03092783505,0.1009174312,304000,0.03068316664,0.1301115242,146.412643592,-0.019732491,0.07791362472,145.112676056,-0.0110434228,0.04418232823,250,-0.08424908425,-0.1408934708,226,-0.231292517,-0.1660516605,246,-0.1151079137,0.02074688797,373,0.09384164223,1.131428571,1.5,0.3,0.9,12,6,7,0.9878377149,-0.01378729991,-0.02081351966,0.244,-0.1625934066,-0.1992989691,0.5335120643,0.01151792945,0.2249406358,0.5221238938,-0.01869243273,-0.1679130066,"Indianapolis, IN",26900,2026-04-14 14:25:48.665 Z,2022,9,Johnson,entry,suburb,6.11,87227,163983,281,95,1,250000,470000,1500000,377,3.1100000000000003,1455.9380710670869,0.20029643175628006,0,1,1,1,202209,4,2.299018800729344
2024-05-01,2024-05-31,30,county,5,854,FALSE,"Johnson County, IN",NA,Indiana,IN,Single Family Residential,6,332000,0.08852459016,0.04731861199,325000,-0.02985074627,0.015625,154.507572401,-0.01495172288,0.02593028074,157.883232672,0.002989118101,0.010841474280000001,232,0.1100478469,0.04035874439,260,0.06995884774,0.0970464135,278,0.07751937984,0.2139737991,368,0.1757188498,0.4319066148,1.6,0.1,0.4,13,-6,0,0.986211803,0.003289079854,-0.002749973877,0.2672413793,0.0758538195,-0.02872274625,0.3641304348,-0.08634879844,-0.07944933175,0.5,0.01440329218,-0.08227848101,"Indianapolis, IN",26900,2026-04-14 14:25:48.665 Z,2024,5,Johnson,entry,suburb,7.06,87227,163983,239,97,6,267000,473500,1320000,342,4.06,1777.7589175989453,0.24456999565716284,0,1,1,1,202405,4,2.085582042040943
2023-12-01,2023-12-31,30,county,5,845,FALSE,"Hendricks County, IN",NA,Indiana,IN,Single Family Residential,6,335132.5,-0.04233492167,0.0472890625,339195,0.059984375,0.1403429148,149.251979113,-0.03558575869,-0.0228132552,163.504464286,0.05959386596,0.06766549428,192,0.01052631579,-0.0495049505,166,-0.2057416268,0.01840490798,126,-0.3114754098,0.03278688525,329,-0.1035422343,0.2140221402,1.7,-0.2,0.4,29,6,6,0.976996069,-0.009652490179,-0.005791558009,0.1458333333,0.01425438596,-0.01258250825,0.2765957447,-0.1511971709,-0.1034780561,0.2951807229,-0.06845564074,-0.06678246729,"Indianapolis, IN",26900,2026-04-14 14:25:48.665 Z,2023,12,Hendricks,entry,suburb,6.82,99988,179379,227,122,0,278000,473765,0,349,3.8200000000000003,1751.4238088065808,0.21019608058646005,0,1,1,1,202312,3,1.9456012130739941
2023-12-01,2023-12-31,30,county,5,819,FALSE,"Boone County, IN",NA,Indiana,IN,Single Family Residential,6,375000,0.1029573964,0.05042016807,334990,-0.1066933333,-0.03710836447,160.928823826,-0.01671943512,-0.01312765389,153.846153846,-0.06133622325,7.44980318e-4,65,-0.4881889764,-0.3689320388,76,-0.0843373494,0.05555555556,52,-0.4639175258,-0.2,158,-0.1413043478,-0.1022727273,2.4,1,0.7,38,15,9,0.9782869731,-0.008138880594,-0.007567715515,0.07692307692,-0.0411871593,-0.06870799104,0.2594936709,-0.05028893781,-0.007551783659,0.2368421053,-0.1246036779,-0.0548245614,"Indianapolis, IN",26900,2026-04-14 14:25:48.665 Z,2023,12,Boone,entry,suburb,6.82,104865,72827,74,48,6,244807.885,499834,2133785.9050000003,128,3.8200000000000003,1959.773905253796,0.2242624980979884,0,1,1,1,202312,1,1.7575899048429842
2025-08-01,2025-08-31,30,county,5,842,FALSE,"Hamilton County, IN",NA,Indiana,IN,Single Family Residential,6,453000,-0.06597938144,-0.03321844355,431450,-0.05175824176,0.005125218404,182.708542714,0.03310718392,0.05674631196,182.931968421,0.03728094274,0.05036288767,557,-0.03799654577,0.1321138211,539,-0.07068965517,0.05068226121,527,-0.1402936378,0.111814346,1010,0.01609657948,0.2915601023,1.8,0.1,0.2,19,6,4,0.9855188932,-0.006738869234,-0.003553569594,0.2118491921,-0.04721816541,0.002499598605,0.4217821782,-0.01684961253,-0.01044288572,0.3617810761,-0.06752926876,-0.04757564908,"Indianapolis, IN",26900,2026-04-14 14:25:48.665 Z,2025,8,Hamilton,mid_luxury,suburb,6.59,117957,357176,500,736,74,315000,507000,1299500,1310,3.59,2312.1064078979143,0.23521517921594287,0,1,1,1,202508,2,3.667659641185298
2022-08-01,2022-08-31,30,county,5,862,FALSE,"Marion County, IN",NA,Indiana,IN,Single Family Residential,6,240000,-0.04,0.1417697431,225000,-0.02173913043,0.1076704951,130.67061144,-0.009239015732,0.1476952284,130.448352681,-0.007987163085,0.1345604742,1388,0.00289017341,-0.1004536617,1534,0.01859229748,-0.1274175199,1496,-0.04774029281,-0.06030150754,1898,0.05385896724,0.2798381659,1.4,0.1,0.4,8,3,3,0.9929006559,-0.01671067791,-0.01977577601,0.3595100865,-0.1282066766,-0.1505352797,0.4852476291,0.0343869961,0.07324493185,0.5104302477,-0.08850733528,-0.151116965,"Indianapolis, IN",26900,2026-04-14 14:25:48.665 Z,2022,8,Marion,entry,metro,5.22,63450,971822,2015,193,8,197500,452000,1700000,2216,2.2199999999999998,1056.6663006523434,0.19984232636450938,0,1,0,0,202208,5,2.28025296813614
2022-09-01,2022-09-30,30,county,5,862,FALSE,"Marion County, IN",NA,Indiana,IN,Single Family Residential,6,234450,-0.023125,0.06568181818,230000,0.02222222222,0.1219512195,129.659014265,-0.007741581402,0.1118618591,131.526315789,0.008263524115,0.1290411069,1264,-0.08933717579,-0.1407205982,1263,-0.1766623207,-0.21650124070000001,1332,-0.1096256684,-0.1328125,2073,0.09220231823,0.3382827631,1.6,0.2,0.5,12,4,6,0.9859780752,-0.006922580709,-0.01912935952,0.2879746835,-0.07153540291,-0.1661381649,0.4799807043,-0.00526692479,0.09844422915,0.4821852732,-0.02824497456,-0.1431249005,"Indianapolis, IN",26900,2026-04-14 14:25:48.665 Z,2022,9,Marion,entry,metro,6.11,63450,971822,1653,201,14,200000,455000,2022500,1868,3.1100000000000003,1137.8156025389283,0.2151897120640999,0,1,0,0,202209,5,1.9221627005768547
2022-10-01,2022-10-31,30,county,5,862,FALSE,"Marion County, IN",NA,Indiana,IN,Single Family Residential,6,229900,-0.01940712305,0.05944700461,225000,-0.02173913043,0.03686635945,127.608935076,-0.01581131247,0.09076564892,128.897666843,-0.01998572629,0.08391219845,1050,-0.1693037975,-0.247311828,1235,-0.02216943785,-0.2626865672,1215,-0.08783783784,-0.1734693878,2074,4.823926676e-4,0.3608923885,2,0.4,0.9,14,2,8,0.9794332259,-0.006544849321,-0.02848586809,0.2485714286,-0.03940325497,-0.2231131592,0.4946962392,0.01471553486,0.1114941394,0.4574898785,-0.02469539462,-0.1514653453,"Indianapolis, IN",26900,2026-04-14 14:25:48.665 Z,2022,10,Marion,entry,metro,6.9,63450,971822,1404,191,10,190000,472750,1405000,1605,3.9000000000000004,1211.297363855174,0.22908697188750335,0,1,0,0,202210,5,1.6515370098639464
2024-11-01,2024-11-30,30,county,5,854,FALSE,"Johnson County, IN",NA,Indiana,IN,Single Family Residential,6,338000,0.07301587302,0.09032258065,315450,-0.09613180516,0.0515,151.501959077,-0.07097855283,-0.001480629496,158.046715911,0.002259327667,-0.01238586892,193,-0.1645021645,0.2866666667,217,-0.1178861789,0.4370860927,176,-0.3070866142,0.05389221557,457,-0.06924643585,0.2729805014,2.4,0.3,0,27,5,1,0.9738468763,-0.007730148173,-0.008308009051,0.1398963731,-0.007289774129,-0.00677029361,0.3851203501,-0.1016413607,-0.0410634939,0.2857142857,-0.06387921022,-0.005676442763,"Indianapolis, IN",26900,2026-04-14 14:25:48.665 Z,2024,11,Johnson,entry,suburb,6.81,87227,163983,255,114,0,265000,450000,0,369,3.8099999999999996,1764.6072531591826,0.2427606937979088,0,1,1,1,202411,4,2.2502332558862808
2023-05-01,2023-05-31,30,county,5,854,FALSE,"Johnson County, IN",NA,Indiana,IN,Single Family Residential,6,317000,0.07457627119,0.05490848586,320000,0.01587301587,0,150.602409639,-0.01094172609,-0.01984136721,156.189903846,-0.006632211538,0.03907388664,223,0.1435897436,-0.2202797203,237,0.04405286344,-0.1654929577,229,0.145,-0.1580882353,257,0.09829059829,0.324742268,1.2,0,0.5,13,0,8,0.9889617768,-0.003076950145,-0.03149659817,0.2959641256,0.06519489479,-0.2320079024,0.4435797665,0.08033190329,0.1600746119,0.582278481,0.02280711537,-0.1606792655,"Indianapolis, IN",26900,2026-04-14 14:25:48.665 Z,2023,5,Johnson,entry,suburb,6.43,87227,163983,256,89,3,260000,480000,1199999,348,3.4299999999999997,1591.2677579662266,0.2189140185446561,0,1,1,1,202305,4,2.1221712006732405
2025-02-01,2025-02-28,30,county,5,842,FALSE,"Hamilton County, IN",NA,Indiana,IN,Single Family Residential,6,430000,-0.0652173913,0.02380952381,449999.5,9.998887777e-4,0.02505580866,171.303977273,0.02756398402,0.01816351128,177.078271309,0.00457471739,0.03912518663,345,0.1655405405,0.03915662651,410,-0.03755868545,-0.002433090024,368,0.2145214521,0.0395480226,592,0.005093378608,0.2106339468,1.7,-0.3,0.2,40,4,5,0.9893038762,0.007415006759,0.003328085276,0.1971014493,0.03493928711,0.03746289506,0.214527027,-0.08088893223,-0.07586152103,0.4243902439,0.1427001031,-0.0159990505,"Indianapolis, IN",26900,2026-04-14 14:25:48.665 Z,2025,2,Hamilton,mid_luxury,suburb,6.84,117957,357176,730,786,36,300000,515000,1450000,1552,3.84,2251.7959829737842,0.2290796798467697,0,1,1,1,202502,2,4.345196765740139
2022-02-01,2022-02-28,30,county,5,862,FALSE,"Marion County, IN",NA,Indiana,IN,Single Family Residential,6,223000,0.04205607477,0.2388888889,220000,0.04786854013,0.2154696133,120.886501007,0.05756190559,0.215206597,122.386846019,-0.01226616036,0.1402142045,999,0.06389776358,0.04279749478,1218,-0.0256,0.04819277108,943,-0.007368421053,0.08891454965,818,-0.1260683761,-0.1988246817,0.8,-0.2,-0.3,11,-1,-5,1.002932285,0.008296637183,0.01503952713,0.4204204204,0.02425428624,0.1103995436,0.2359413203,-0.07709286774,-0.05005280312,0.6091954023,0.1035954023,0.0678873128,"Indianapolis, IN",26900,2026-04-14 14:25:48.665 Z,2022,2,Marion,entry,metro,3.76,63450,971822,1555,149,13,170000,470000,1500000,1717,0.7599999999999998,827.2108506207956,0.15644649657130885,0,0,0,0,202202,5,1.7667844522968197
2022-12-01,2022-12-31,30,county,5,842,FALSE,"Hamilton County, IN",NA,Indiana,IN,Single Family Residential,6,417500,0.01519756839,0.09868421053,419947.5,0.05131430717,0.2355030891,154.585636735,-0.01967182312,0.07085686538,159.747604983,-0.007250524882,0.08063345057,484,-0.02024291498,-0.201320132,381,-0.08633093525,0.02144772118,264,-0.2584269663,0.01930501931,603,-0.1851351351,1.402390438,1.2,-0.3,0.8,26,8,21,0.9848705232,-0.004528053275,-0.02991879063,0.1611570248,-0.05341787399,-0.31739083,0.3565505804,-0.06371968984,0.1971880306,0.3569553806,0.03561245492,-0.1577899277,"Indianapolis, IN",26900,2026-04-14 14:25:48.665 Z,2022,12,Hamilton,mid_luxury,suburb,6.36,117957,357176,310,375,17,296700,512000,1344000,702,3.3600000000000003,2080.4498092425633,0.21164829311453123,0,1,1,1,202212,2,1.9654176092458617
2021-12-01,2021-12-31,30,county,5,862,FALSE,"Marion County, IN",NA,Indiana,IN,Single Family Residential,6,217000,0.009302325581,0.1666666667,200000,-0.01960784314,0.1235955056,116.883116883,0.01542207792,0.1589410589,118.21086262,-6.371020771e-4,0.1209562249,1418,-0.05023442733,0.01358112938,1186,-0.2197368421,0.04217926186,798,-0.3344453711,-0.02205882353,1128,-0.1724137931,-0.1832005793,0.8,-0.1,-0.2,7,1,-4,0.9989415874,-0.004097923951,0.01550844743,0.4090267983,-0.01964031489,0.1259674702,0.2810283688,-0.077739056,-0.03323665655,0.4688026981,-0.09238151238,0.008345756142,"Indianapolis, IN",26900,2026-04-14 14:25:48.665 Z,2021,12,Marion,entry,metro,3.1,63450,971822,1873,195,11,179900,460000,1450000,2079,0.10000000000000009,741.3004684985448,0.14019867016520943,0,0,0,0,202112,5,2.139280650160215
2022-01-01,2022-01-31,30,county,5,842,FALSE,"Hamilton County, IN",NA,Indiana,IN,Single Family Residential,6,365000,-0.03947368421,0.140625,375000,0.1032656664,0.1380880121,148.680881648,0.02995301651,0.2055867542,149.994649612,0.0146583155,0.1608425209,343,-0.4339933993,-0.03921568627,435,0.1662198391,-0.1247484909,369,0.4247104247,-0.02122015915,242,-0.03585657371,-0.4265402844,0.7,0.3,-0.5,6,1,-10,1.010073269,-0.004716045243,0.01900852221,0.4635568513,-0.01499100347,0.2282627337,0.1694214876,0.0100589378,-0.09361168775,0.6459770115,0.1312317032,0.1590554823,"Indianapolis, IN",26900,2026-04-14 14:25:48.665 Z,2022,1,Hamilton,entry,suburb,3.45,117957,357176,1266,862,59,270000,458435,1500000,2187,0.4500000000000002,1303.0742212375922,0.13256432983927283,0,0,1,0,202201,2,6.12303178265057
2021-02-01,2021-02-28,30,county,5,854,FALSE,"Johnson County, IN",NA,Indiana,IN,Single Family Residential,6,237000,0.03267973856,0.2810810811,237950,0.004008438819,0.1336350643,123.846445372,0.02624477872,0.2091776235,123.728194726,0.03772034286,0.1674247562,183,0.1806451613,0.1883116883,171,-0.1778846154,-0.3187250996,132,-0.04347826087,-0.3089005236,116,-0.1076923077,-0.6,0.6,-0.2,-1.3,8,2,-21,0.9951688495,0.00331398086,0.01685685172,0.3333333333,0.03655913978,0.1255411255,0.2155172414,-0.1537135279,-0.1396551724,0.6140350877,0.08038124157,0.1957083945,"Indianapolis, IN",26900,2026-04-14 14:25:48.665 Z,2021,2,Johnson,entry,suburb,2.81,87227,163983,475,82,2,210000,460000,1200000,559,-0.18999999999999995,780.0641849696657,0.10731505405019075,0,0,1,0,202102,4,3.4088899459090274
2023-10-01,2023-10-31,30,county,5,854,FALSE,"Johnson County, IN",NA,Indiana,IN,Single Family Residential,6,297500,-0.008168028005,0.02586206897,290000,-0.05691056911,0.07427301352,152.069129098,0.005637790741,0.0112597085,158.52613539,0.009950390338,0.06303831389,154,-0.2142857143,-0.3556485356,181,-0.07653061224,-0.1213592233,195,-0.06698564593,0.02631578947,336,0.02752293578,-0.05352112676,2.2,0.5,0.7,22,6,9,0.9810219877,-0.001072647761,-0.001994032728,0.1818181818,0.01345083488,-0.04412324078,0.5148809524,0.01029379642,-0.02878101945,0.4475138122,0.0546566693,-0.008796867457,"Indianapolis, IN",26900,2026-04-14 14:25:48.665 Z,2023,10,Johnson,entry,suburb,7.62,87227,163983,199,54,5,235000,482000,1210000,258,4.62,1683.7305690569888,0.2316343199775742,0,1,1,1,202310,4,1.5733338211887817
2024-10-01,2024-10-31,30,county,5,842,FALSE,"Hamilton County, IN",NA,Indiana,IN,Single Family Residential,6,440000,-0.05376344086,-0.01123595506,425000,-0.0162037037,0.06276569142,171.733189203,0.009113894866,0.05328077023,174.234503361,-0.006449294555,-0.001067787147,450,-0.06444906445,0.0663507109,518,0.04225352113,0.2102803738,495,0.06451612903,0.3060686016,800,0.0101010101,0.2820512821,1.8,0.2,0.3,23,3,7,0.9851431063,-0.004161728327,-0.003127058329,0.18,0.003284823285,-0.0545971564,0.43125,0.0158459596,-0.0703525641,0.361003861,-0.06957964,-0.03852884928,"Indianapolis, IN",26900,2026-04-14 14:25:48.665 Z,2024,10,Hamilton,mid_luxury,suburb,6.43,117957,357176,778,704,45,291000,500586.5,1375000,1527,3.4299999999999997,2208.699727145551,0.22469541210565389,0,1,1,1,202410,2,4.275203261137366
2023-02-01,2023-02-28,30,county,5,854,FALSE,"Johnson County, IN",NA,Indiana,IN,Single Family Residential,6,299000,0.03139013453,0.07747747748,302500,-0.02103559871,0.04346326319,139.115619662,-0.03662433384,-0.03789197617,153.177653974,0.0701062152,0.008488554272,127,0.08547008547,-0.1589403974,197,0.1726190476,-0.0663507109,162,-0.01219512195,-0.04142011834,261,-0.08421052632,1.139344262,2.1,-0.3,1.3,45,15,40,0.9785379759,0.001734008819,-0.03206686587,0.1181102362,0.0240931422,-0.3587109558,0.3793103448,0.06001209921,0.2235726399,0.4314720812,0.1219482717,-0.2083383453,"Indianapolis, IN",26900,2026-04-14 14:25:48.665 Z,2023,2,Johnson,entry,suburb,6.26,87227,163983,168,40,0,250000,424901.5,0,208,3.26,1474.3516106396244,0.20282962073297822,0,1,1,1,202302,4,1.268424165919638
2024-06-01,2024-06-30,30,county,5,862,FALSE,"Marion County, IN",NA,Indiana,IN,Single Family Residential,6,262250,0.0244140625,0.049,250000,-0.03809157368,0.02040816327,143.697478992,0.02609464839,0.04507257448,139.545293173,-0.01729879288,0.003705904375,989,-0.0791433892,-0.1575809199,1217,-0.01457489879,-0.062403698,1204,-0.06594259116,-0.1008215086,1892,0.05875769446,0.2613333333,1.9,0.2,0.6,13,1,5,0.9909706485,0.003383462918,-0.007249522561,0.2891809909,0.009851381961,-0.1077525696,0.4302325581,0.02956104163,0.00823255814,0.4905505341,-0.02038063999,-0.09342481259,"Indianapolis, IN",26900,2026-04-14 14:25:48.665 Z,2024,6,Marion,entry,metro,6.92,63450,971822,1466,204,26,204000,484000,1414250,1696,3.92,1384.5508088793817,0.2618535808755332,0,1,0,0,202406,5,1.745175556840656
2023-12-01,2023-12-31,30,county,5,862,FALSE,"Marion County, IN",NA,Indiana,IN,Single Family Residential,6,235000,0.02173913043,0.04444444444,220000,-0.04347826087,0.02325581395,128.451882845,0.007496093159,0.03981034428,130.904109589,-0.04319671412,0.03214727301,809,-0.0170109356,-0.1070640177,791,-0.1326754386,0.02860858257,573,-0.3062953995,-0.1622807018,1748,-0.1342248638,-0.03157894737,2.2,-0.3,0.2,28,9,6,0.9776941109,2.774641719e-4,0.003889777266,0.1705809642,-0.03719546355,0.001706791968,0.2889016018,-0.1276412412,-0.04461640371,0.2831858407,-0.05014749263,-0.07182066124,"Indianapolis, IN",26900,2026-04-14 14:25:48.665 Z,2023,12,Marion,entry,metro,6.82,63450,971822,1174,105,8,190725,470000,1862000,1287,3.8200000000000003,1228.1249806257124,0.23226949988193143,0,1,0,0,202312,5,1.3243165929563232
2023-03-01,2023-03-31,30,county,5,854,FALSE,"Johnson County, IN",NA,Indiana,IN,Single Family Residential,6,299000,0,0.02925989673,329000,0.08760330579,0.1267123288,146.805896806,0.05527975337,-0.03523901113,156.531703591,0.02189646812,0.07121909846,209,0.6456692913,-0.05855855856,265,0.345177665,-0.003759398496,220,0.3580246914,-0.0756302521,239,-0.08429118774,0.7969924812,1.1,-1,0.5,29,-16,24,0.9823971081,0.003859132212,-0.0326728563,0.1961722488,0.07806201258,-0.3173412647,0.3974895397,0.01817919492,0.17192563,0.4490566038,0.01758452256,-0.253950915,"Indianapolis, IN",26900,2026-04-14 14:25:48.665 Z,2023,3,Johnson,entry,suburb,6.54,87227,163983,239,71,2,245000,475000,2500000,312,3.54,1518.2045941467609,0.20886256697766895,0,1,1,1,202303,4,1.902636248879457
2025-06-01,2025-06-30,30,county,5,845,FALSE,"Hendricks County, IN",NA,Indiana,IN,Single Family Residential,6,374000,0.02465753425,0.06857142857,359900,-0.01397260274,0,157.682790463,0.02290352136,-0.002720113235,156.96347032,-0.01935270468,0.01303165564,256,0.1179039301,0.08016877637,294,-0.05769230769,0.1178707224,294,-0.1090909091,0.07299270073,519,0.06134969325,0.2814814815,2,-0.1,0.3,16,-4,5,0.9883985494,0.006583919102,4.379133548e-4,0.28125,0.09784388646,0.0365242616,0.450867052,0.1298036573,0.04345964462,0.4829931973,0.03107012036,0.01911487028,"Indianapolis, IN",26900,2026-04-14 14:25:48.665 Z,2025,6,Hendricks,entry,suburb,6.82,99988,179379,335,248,0,278300,451000,0,583,3.8200000000000003,1954.5478415064526,0.234573889847556,0,1,1,1,202506,3,3.250101739891514
2021-02-01,2021-02-28,30,county,5,819,FALSE,"Boone County, IN",NA,Indiana,IN,Single Family Residential,6,348845,0.1599168745,0.3163962264,327000,0.0180889816,-0.06558079726,119.122257053,-0.03387741866,0.09619245536,132.431271369,-0.01457551407,0.1786992926,77,0.05479452055,0.3050847458,92,0,-0.185840708,60,-0.1304347826,-0.347826087,67,-0.1184210526,-0.6378378378,0.9,-0.1,-2.2,24,5,-35,0.9836065961,0.001232907788,0.01110225036,0.2337662338,0.05568404199,0.09817301343,0.1940298507,-0.1217596229,-0.06002420331,0.4673913043,0,0.06916121585,"Indianapolis, IN",26900,2026-04-14 14:25:48.665 Z,2021,2,Boone,entry,suburb,2.81,104865,72827,118,49,6,220830,526000,2087000,173,-0.18999999999999995,1148.1919434841477,0.13139086751356288,0,0,1,0,202102,1,2.3754926057643457
2023-06-01,2023-06-30,30,county,5,862,FALSE,"Marion County, IN",NA,Indiana,IN,Single Family Residential,6,250000,0.003009027081,0.004016064257,245000,-0.02,0.02125885786,137.5,0.04125408655,0.015,139.030061062,-0.003576164796,0.07648990136,1174,0.06436990027,-0.2056833559,1298,0.005422153369,-0.2355712603,1339,0.1493562232,-0.2722826087,1500,0.1286681716,-0.05601006923,1.3,0.1,0.2,8,0,3,0.9982201711,0.001329226232,-0.02273010993,0.3969335605,0.01343401379,-0.1544872785,0.422,-0.00764635064,0.02111894273,0.5839753467,0.00535412283,-0.0991813082,"Indianapolis, IN",26900,2026-04-14 14:25:48.665 Z,2023,6,Marion,entry,metro,6.71,63450,971822,1596,232,21,200000,484192.5,1666666.67,1849,3.71,1291.882884011035,0.24432773220066856,0,1,0,0,202306,5,1.902611795164135
2022-08-01,2022-08-31,30,county,5,854,FALSE,"Johnson County, IN",NA,Indiana,IN,Single Family Residential,6,291000,-0.03,0.02105263158,294950,-0.01666780575,0.04425562046,149.359886202,-0.01538889754,0.1235647564,146.733111849,-0.009683999216,0.08818028138,273,0.1052631579,-0.09602649007,294,0.1221374046,-0.137829912,278,-0.09150326797,0.003610108303,341,0.06896551724,0.8432432432,1.2,-0.1,0.6,6,1,1,1.001625015,-0.004780788184,-0.01140354698,0.4065934066,-0.02660497397,-0.1066516265,0.5219941349,0.1113358277,0.1057779187,0.5408163265,-0.1843745132,-0.1629959902,"Indianapolis, IN",26900,2026-04-14 14:25:48.665 Z,2022,8,Johnson,entry,suburb,5.22,87227,163983,306,91,1,245000,475000,1550000,398,2.2199999999999998,1281.207889540966,0.17625843688871098,0,1,1,1,202208,4,2.427080855942384
2025-07-01,2025-07-31,30,county,5,819,FALSE,"Boone County, IN",NA,Indiana,IN,Single Family Residential,6,457250,0.005608093248,0.1575949367,394900,-0.09426605505,-0.03682339526,173.813548387,-0.02664412903,0.07601449798,174.52541335,0.005380823788,0.02859100465,116,-0.1654676259,-0.08661417323,126,0.01612903226,0.008,121,0.008333333333,0.2222222222,247,0.05555555556,0.4114285714,2.1,0.4,0.7,18,9,-2,0.9859396698,-0.009707979172,0.006025437775,0.2068965517,-0.06648474324,0.04154222102,0.3886639676,-2.249212776e-4,-0.03419317525,0.3492063492,-0.1104710701,-0.01079365079,"Indianapolis, IN",26900,2026-04-14 14:25:48.665 Z,2025,7,Boone,mid_luxury,suburb,6.72,104865,72827,104,96,19,270800,505000,1650000,219,3.7199999999999998,2365.281770961372,0.27066591571579135,0,1,1,1,202507,1,3.007126477817293
2022-06-01,2022-06-30,30,county,5,845,FALSE,"Hendricks County, IN",NA,Indiana,IN,Single Family Residential,6,340000,0.02719033233,0.2138521956,340000,0,0.1929824561,152.454780362,0.02109248242,0.180851161,150.92712376,0.004844436555,0.1788202719,314,0.2509960159,0.07903780069,309,-0.03738317757,-0.08308605341,354,0.1028037383,0.1132075472,304,0.4545454545,1.156028369,1,0.2,0.5,4,0,0,1.02522239,-0.00431918908,-0.004028845439,0.5668789809,-0.03869870835,-0.03793201567,0.3453947368,0.07745215311,0.02624580067,0.6310679612,-0.1134803254,-0.1641842644,"Indianapolis, IN",26900,2026-04-14 14:25:48.665 Z,2022,6,Hendricks,entry,suburb,5.52,99988,179379,355,175,1,274890,445000,1377053.61,531,2.5199999999999996,1547.8009455142537,0.18575840447024686,0,1,1,1,202206,3,2.9602127339320656
2022-11-01,2022-11-30,30,county,5,819,FALSE,"Boone County, IN",NA,Indiana,IN,Single Family Residential,6,380000,0.009725248446,0.2317666126,380500,0.2003154574,0.1565349544,160.694966191,0.01897970237,0.1811080015,164.90228013,0.05354234528,0.1322712906,99,-0.1315789474,-0.1538461538,79,-0.2330097087,-0.21,55,-0.4387755102,-0.3373493976,186,-0.1388888889,0.7714285714,1.9,0,1,11,-1,4,0.9827119273,-0.009143458049,-0.01030004333,0.202020202,-0.07868155237,-0.1398601399,0.4032258065,-0.1986260454,0.2032258065,0.3924050633,-0.06390561632,-0.07759493671,"Indianapolis, IN",26900,2026-04-14 14:25:48.665 Z,2022,11,Boone,entry,suburb,6.81,104865,72827,126,60,6,232450,498500,1476250,192,3.8099999999999996,1983.8779769245248,0.2270207955284823,0,1,1,1,202211,1,2.6363848572644764
2024-10-01,2024-10-31,30,county,5,845,FALSE,"Hendricks County, IN",NA,Indiana,IN,Single Family Residential,6,348950,0.02331378299,-0.01704225352,350000,0.03442415824,2.857959417e-4,154.643714001,-0.02976957517,-0.004094481837,160.819823086,-0.03033042879,0.0374455254,226,0.1832460733,0.3063583815,221,-0.07531380753,0.1631578947,259,0.08823529412,0.2885572139,496,0.1046770601,0.3514986376,2.2,-0.2,0.1,25,6,5,0.9854003075,0.002929654601,-0.00251082899,0.1504424779,-0.001389982857,-0.04608931403,0.4697580645,0.0176422516,0.00109321438,0.3484162896,0.01368825612,-0.01474160514,"Indianapolis, IN",26900,2026-04-14 14:25:48.665 Z,2024,10,Hendricks,entry,suburb,6.43,99988,179379,381,203,1,284000,446000,1100000,585,3.4299999999999997,1751.6494767896368,0.21022316399443572,0,1,1,1,202410,3,3.261251317043801
2023-05-01,2023-05-31,30,county,5,862,FALSE,"Marion County, IN",NA,Indiana,IN,Single Family Residential,6,249250,0.06063829787,0.001004016064,250000,4.00160064e-4,0.06382978723,132.052302868,0.004633206134,-0.02426436864,139.529039902,0.02035699681,0.06369473657,1103,0.1289662231,-0.1883738043,1291,0.02950558214,-0.2232250301,1165,0.08472998138,-0.2546385157,1329,0.004535147392,0.1358974359,1.2,-0.2,0.3,8,-5,4,0.9968909448,0.008199602403,-0.03239864943,0.3834995467,0.06927232049,-0.1867727123,0.4296463506,0.1152094648,0.06297968397,0.5786212239,0.003661096266,-0.1458071757,"Indianapolis, IN",26900,2026-04-14 14:25:48.665 Z,2023,5,Marion,entry,metro,6.43,63450,971822,1474,217,10,196076.5,460000,1287500,1701,3.4299999999999997,1251.1781977068833,0.23662944637482428,0,1,0,0,202305,5,1.7503205319492665
2022-03-01,2022-03-31,30,county,5,862,FALSE,"Marion County, IN",NA,Indiana,IN,Single Family Residential,6,220000,-0.0134529148,0.1891891892,228000,0.03636363636,0.1692307692,121.139665384,0.002094231979,0.1594300485,130.387612581,0.06537276531,0.1792835182,1218,0.2192192192,-0.04395604396,1507,0.23727422,-0.01696020874,1322,0.4019088017,0.0368627451,857,0.04767726161,-0.1183127572,0.7,-0.1,-0.1,6,-5,-4,1.013115207,0.0101829221,0.01775830157,0.4827586207,0.06233820027,0.1122719645,0.3232205368,0.08727921646,-0.02040086242,0.6682149967,0.05901959438,0.02046548592,"Indianapolis, IN",26900,2026-04-14 14:25:48.665 Z,2022,3,Marion,entry,metro,4.17,63450,971822,1843,226,7,177000,464450,1499000,2076,1.17,857.5913228600177,0.16219221236123266,0,0,0,0,202203,5,2.1361936650950484
2022-05-01,2022-05-31,30,county,5,862,FALSE,"Marion County, IN",NA,Indiana,IN,Single Family Residential,6,249000,0.05957446809,0.2146341463,235000,0.02218355807,0.1463414634,135.33614908,0.0371670334,0.1687806489,131.173949729,0.001243042168,0.1453556979,1359,0.08028616852,-0.01091703057,1662,0.1094793057,-0.03428239396,1563,0.07054794521,0.07644628099,1170,0.1079545455,0.0182767624,0.9,0.1,0.1,4,0,-1,1.029289594,0.005975679603,0.01398718581,0.570272259,0.04562996967,0.05862742641,0.3666666667,0.1166666667,0.04812880766,0.7244283995,0.02349382008,0.03064571503,"Indianapolis, IN",26900,2026-04-14 14:25:48.665 Z,2022,5,Marion,entry,metro,5.23,63450,971822,2000,270,34,196000,475000,2114971.37,2304,2.2300000000000004,1097.52346746479,0.2075694501115442,0,1,0,0,202205,5,2.3708045300476837
2024-02-01,2024-02-29,30,county,5,819,FALSE,"Boone County, IN",NA,Indiana,IN,Single Family Residential,6,358995,-0.009668965517,-0.04265447079,389947.5,0.08320254448,0.02766504151,154.685446035,0.008968541676,0.007035903126,163.91040893,0.05784923547,0.004527496583,62,0.06896551724,0.05084745763,104,0.0612244898,0.09473684211,80,-0.04761904762,-0.03614457831,140,-0.1082802548,-0.1666666667,2.3,-0.4,-0.5,68,18,25,0.9775052636,0.00245727367,-0.01020649823,0.06451612903,-0.02169076752,-0.1219245489,0.2857142857,0.005459508644,-0.04166666667,0.3076923077,0.03218210361,-0.1028340081,"Indianapolis, IN",26900,2026-04-14 14:25:48.665 Z,2024,2,Boone,entry,suburb,6.78,104865,72827,82,52,6,254950,490155,1512514,140,3.7800000000000002,1868.478557901331,0.21381531201846157,0,1,1,1,202402,1,1.922363958422014
2023-04-01,2023-04-30,30,county,5,842,FALSE,"Hamilton County, IN",NA,Indiana,IN,Single Family Residential,6,450000,0.02210471804,0.125,425000,-0.03387133439,0.03683825323,165.905436553,0.009470771643,0.04713233516,166.177908113,-0.01157685347,0.08300243238,423,-0.1169102296,-0.1896551724,503,-0.08876811594,-0.1794453507,451,-0.0998003992,-0.3082822086,453,0.02257336343,0.102189781,1.1,0.2,0.3,7,-13,3,1.002559222,0.008678773058,-0.03923888697,0.3735224586,0.1501404127,-0.2375886525,0.2715231788,-0.05127591826,0.1328370474,0.5805168986,-0.001004840522,-0.1486837539,"Indianapolis, IN",26900,2026-04-14 14:25:48.665 Z,2023,4,Hamilton,mid_luxury,suburb,6.34,117957,357176,685,818,27,295000,505000,1300000,1530,3.34,2237.6971367191286,0.2276453762017476,0,1,1,1,202304,2,4.2836024816897
2025-11-01,2025-11-30,30,county,5,845,FALSE,"Hendricks County, IN",NA,Indiana,IN,Single Family Residential,6,362900,0.02225352113,0.06735294118,355000,0.04411764706,0.01457559303,166.666666667,0.04776432168,0.07904761905,164.055125287,0.03674730543,0.03739735332,181,-0.2231759657,0.07100591716,217,-0.09205020921,0.07960199005,176,-0.3576642336,0.01734104046,539,-0.06908462867,0.1517094017,3,0.5,0.2,27,0,-1,0.9806282183,8.711704693e-5,-0.001961348575,0.1049723757,-0.01519929813,-0.04295661839,0.3562152134,-0.09110775728,0.007924615067,0.2626728111,-0.08042342325,-0.03085952725,"Indianapolis, IN",26900,2026-04-14 14:25:48.665 Z,2025,11,Hendricks,entry,suburb,6.24,99988,179379,272,182,2,295000,440512.5,2541735,456,3.24,1785.6624136413186,0.21430520626170962,0,1,1,1,202511,3,2.542103590721322
2023-11-01,2023-11-30,30,county,5,845,FALSE,"Hendricks County, IN",NA,Indiana,IN,Single Family Residential,6,349947.5,-0.01423239437,0.0604469697,320000,-0.08545298657,0,154.759202757,-0.003350734246,0.0516427685,154.308617234,-0.00455813588,0.003236431338,190,0.09826589595,-0.1774891775,209,0.1,-0.02790697674,183,-0.08955223881,0.06395348837,367,0,0.1762820513,1.9,-0.2,0.5,23,3,4,0.9866485592,-0.001262577306,-0.001773988394,0.1315789474,-0.06495284454,-0.08054226475,0.4277929155,-0.0408719346,-0.06900195626,0.3636363636,4.784688995e-4,-0.02706131078,"Indianapolis, IN",26900,2026-04-14 14:25:48.665 Z,2023,11,Hendricks,entry,suburb,7.44,99988,179379,276,146,6,286350.5,432500,1507000,428,4.44,1946.017735579121,0.23355015428800907,0,1,1,1,202311,3,2.386009510589311
2025-08-01,2025-08-31,30,county,5,845,FALSE,"Hendricks County, IN",NA,Indiana,IN,Single Family Residential,6,372500,0.01984941821,0.03042876902,340000,-0.05555555556,0.01507687715,155.612887243,-0.006108450422,0.03737286484,165.799739922,0.003483187813,0.02369610598,268,0.05511811024,0.1074380165,275,-0.05172413793,0.1652542373,284,0.03272727273,0.2566371681,551,0.05353728489,0.275462963,2.1,0,0.3,26,11,4,0.9772692879,-0.009163581786,-0.008692481422,0.1343283582,-0.06252203549,-0.06401874923,0.4246823956,-0.1087784074,0.04736758083,0.4109090909,0.07642633229,0.06345146379,"Indianapolis, IN",26900,2026-04-14 14:25:48.665 Z,2025,8,Hendricks,entry,suburb,6.59,99988,179379,401,312,5,285995,440000,1330000,718,3.59,1901.2354016379095,0.22817562927206178,0,1,1,1,202508,3,4.0026981976708536
2022-01-01,2022-01-31,30,county,5,845,FALSE,"Hendricks County, IN",NA,Indiana,IN,Single Family Residential,6,305368,-0.02751367404,0.2723666667,289995,-0.04904082636,0.07425449157,137.886487187,-0.02176271836,0.1949658781,150.742115028,0.07907843612,0.2344264931,178,-0.3100775194,0.05952380952,203,-0.0814479638,-0.05581395349,154,0.02666666667,0.01315789474,149,-0.1286549708,0.1825396825,0.8,0.1,0,6,-1,-1,1.007318116,0.001692716036,0.01507316652,0.3988764045,-0.01585227768,0.09530497592,0.1543624161,-0.0970995722,-0.2424629807,0.5714285714,0.04201680672,0.02259136213,"Indianapolis, IN",26900,2026-04-14 14:25:48.665 Z,2022,1,Hendricks,entry,suburb,3.45,99988,179379,329,103,0,250000,425000,0,432,0.4500000000000002,1090.1840240846057,0.13083778342416358,0,0,1,0,202201,3,2.408308664893884
2025-09-01,2025-09-30,30,county,5,842,FALSE,"Hamilton County, IN",NA,Indiana,IN,Single Family Residential,6,497250,0.09768211921,0.06935483871,445000,0.03140572488,0.03009259259,175.500274782,-0.03945227642,0.03124950196,180.693813387,-0.01223490379,0.03038412196,480,-0.1382405745,-0.002079002079,549,0.0185528757,0.1046277666,552,0.04743833017,0.1870967742,1048,0.03762376238,0.3232323232,2.2,0.4,0.6,23,4,3,0.9877205126,0.002201619333,-0.001584322078,0.2166666667,0.004817474566,0.03995148995,0.4360687023,0.01428652407,0.02066466189,0.3570127505,-0.004768325611,-0.07357075055,"Indianapolis, IN",26900,2026-04-14 14:25:48.665 Z,2025,9,Hamilton,mid_luxury,suburb,6.35,117957,357176,386,690,87,308800,538000,1379564,1163,3.3499999999999996,2475.253636297275,0.25181247094761056,0,1,1,1,202509,2,3.2560978341209936
2022-04-01,2022-04-30,30,county,5,819,FALSE,"Boone County, IN",NA,Indiana,IN,Single Family Residential,6,357500.5,-0.1084775561,-0.01515013774,402500,0.1516452074,0.2384615385,160.550458716,0.08081592075,0.1795107034,146.665499162,-0.061577247190000003,0.1527834875,124,0.2277227723,0.04201680672,133,-0.06338028169,0.064,135,0.09756097561,0.1637931034,159,0.1197183099,1.178082192,1.3,-0.1,0.7,5,1,-1,1.022639311,0.002632378553,0.02208790494,0.4758064516,0.06986585755,0.1228652751,0.1320754717,0.01235716184,-0.1008012406,0.5939849624,0.002435666631,-0.1020150376,"Indianapolis, IN",26900,2026-04-14 14:25:48.665 Z,2022,4,Boone,entry,suburb,4.98,104865,72827,168,72,7,270000,546000,1200000,247,1.9800000000000004,1531.8180664244185,0.1752902951136511,0,0,1,0,202204,1,3.3915992695016954
2024-07-01,2024-07-31,30,county,5,862,FALSE,"Marion County, IN",NA,Indiana,IN,Single Family Residential,6,259158,-0.01179027645,0.036632,250000,0,0.03305785124,142.07135938,-0.01131627098,0.0318111858,142.299107143,0.01973419459,0.05435043145,1047,0.05864509606,0.03356367226,1154,-0.05176663928,8.673026886e-4,1177,-0.02242524917,-0.003386960203,1993,0.05338266385,0.2355858648,1.9,0,0.3,12,-1,4,0.9903316069,-6.390416152e-4,-0.001632449071,0.299904489,0.01072349812,-0.04757823556,0.4570998495,0.02686729133,0.03428521835,0.4670710572,-0.02347947691,-0.07412582052,"Indianapolis, IN",26900,2026-04-14 14:25:48.665 Z,2024,7,Marion,entry,metro,6.85,63450,971822,1568,210,12,205000,482500,1430000,1790,3.8499999999999996,1358.5253376882956,0.25693150594577696,0,1,0,0,202407,5,1.841901088882532
2021-03-01,2021-03-31,30,county,5,854,FALSE,"Johnson County, IN",NA,Indiana,IN,Single Family Residential,6,242000,0.02109704641,0.1655348456,240000,0.008615255306,0.1162790698,118.811881188,-0.0406516648,0.1342716438,125.662376987,0.01563251016,0.1553322781,211,0.1530054645,-0.06637168142,270,0.5789473684,-0.06896551724,221,0.6742424242,-0.1814814815,107,-0.0775862069,-0.6421404682,0.5,-0.1,-0.8,4,-4,-14,1.003899973,0.008731123819,0.0195782288,0.4075829384,0.07424960506,0.2394413455,0.3177570093,0.102239768,0.07695433376,0.6481481481,0.03411306043,0.04125159642,"Indianapolis, IN",26900,2026-04-14 14:25:48.665 Z,2021,3,Johnson,entry,suburb,3.08,87227,163983,559,102,0,210000,442000,0,661,0.08000000000000007,824.6021661934627,0.1134422368569543,0,0,1,0,202103,4,4.030905642658081
2023-02-01,2023-02-28,30,county,5,819,FALSE,"Boone County, IN",NA,Indiana,IN,Single Family Residential,6,374990,0.05039215686,0.0714,379450,0.04677305894,0.06917441533,153.604698258,0.009705862631,0.07005766007,163.171649843,0.03235629517,0.05932071089,59,0.01724137931,-0.2133333333,95,0.2837837838,-0.05940594059,83,0.2769230769,-0.1263157895,168,0,0.2173913043,2.8,-0.1,1,43,9,27,0.9877117618,0.01112449249,-0.01176405005,0.186440678,0.04850964348,-0.1868926554,0.3273809524,0.07738095238,0.2621635611,0.4105263158,0.07268847795,-0.2330380406,"Indianapolis, IN",26900,2026-04-14 14:25:48.665 Z,2023,2,Boone,entry,suburb,6.26,104865,72827,85,39,1,197000,505190,1100000,125,3.26,1849.0538811831195,0.21159249105228087,0,1,1,1,202302,1,1.7163963914482268
2021-02-01,2021-02-28,30,county,5,842,FALSE,"Hamilton County, IN",NA,Indiana,IN,Single Family Residential,6,333000,0.040625,0.1288135593,329845,0.001047040971,0.06577810089,122.576419214,-0.006082653413,0.1302851157,129.110663371,-7.83372389e-4,0.08739857566,465,0.3025210084,0.06164383562,486,-0.02213279678,-0.2334384858,375,-0.005305039788,-0.2283950617,375,-0.1113744076,-0.5694603904,0.8,-0.4,-1.2,13,-3,-34,0.9960079303,0.004943183889,0.01724144783,0.2967741935,0.0614800759,0.1963175725,0.1546666667,-0.1083665087,-0.180580176,0.5781893004,0.09126777124,0.1854448209,"Indianapolis, IN",26900,2026-04-14 14:25:48.665 Z,2021,2,Hamilton,entry,suburb,2.81,117957,357176,1046,457,18,255000,460000,1600000,1521,-0.18999999999999995,1096.0395510333278,0.11150228144493277,0,0,1,0,202102,2,4.258404820032701
2025-02-01,2025-02-28,30,county,5,854,FALSE,"Johnson County, IN",NA,Indiana,IN,Single Family Residential,6,334900,-0.007134460795,0.0733974359,329900,-3.03030303e-4,-0.05715918834,149.979732469,-0.01685661388,-0.002188344227,159.881061299,0.00408395985,0.02961072283,181,0.2928571429,0.09036144578,235,0.119047619,0.192893401,179,-0.0218579235,-0.04278074866,355,-0.08974358974,0.2283737024,2,-0.8,0.3,47,5,5,0.9785674725,0.001972757793,0.002730926622,0.1602209945,0.1030781373,0.02166677761,0.3521126761,0.005958829902,0.08221648228,0.3531914894,0.09604863222,-0.05797602333,"Indianapolis, IN",26900,2026-04-14 14:25:48.665 Z,2025,2,Johnson,entry,suburb,6.84,87227,163983,297,104,0,275000,429000,0,401,3.84,1753.7824992974893,0.2412715098715979,0,1,1,1,202502,4,2.4453754352585326
2021-04-01,2021-04-30,30,county,5,819,FALSE,"Boone County, IN",NA,Indiana,IN,Single Family Residential,6,363000,0.1483889337,0.3646616541,325000,-0.07129589941,0.08335138919,136.11615245,0.05810374295,0.2431941924,127.227272727,-0.03422733401,0.1265594406,119,0.0625,0.07207207207,125,0.179245283,0.02459016393,116,0.1047619048,0.04504504505,73,-0.02666666667,-0.6157894737,0.6,-0.1,-1.1,6,-5,-11,1.000551406,0.005634563847,0.0269367726,0.3529411765,0.05829831933,0.2448330684,0.2328767123,0.08621004566,0.006560922855,0.696,0.04505660377,0.2451803279,"Indianapolis, IN",26900,2026-04-14 14:25:48.665 Z,2021,4,Boone,entry,suburb,3.06,104865,72827,151,65,9,260000,567570,1495000,225,0.06000000000000005,1233.7553069767412,0.14118212638841265,0,0,1,0,202104,1,3.089513504606808
2022-01-01,2022-01-31,30,county,5,819,FALSE,"Boone County, IN",NA,Indiana,IN,Single Family Residential,6,305035,-0.1113328478,0.01424771405,369532,0.2121764802,0.1505090445,145.348837209,0.03984866535,0.1788291901,165.030617051,0.1015886843,0.227997053,77,-0.3888888889,0.05479452055,77,-0.0375,-0.1630434783,97,0.4696969697,0.4057971014,130,0.3265306122,0.7105263158,1.7,0.9,0.7,19,10,0,1.000239296,0.006884312941,0.01786560727,0.3636363636,0.08585858586,0.1855541719,0.08461538462,-0.1500784929,-0.2311740891,0.4675324675,0.01753246753,1.411631846e-4,"Indianapolis, IN",26900,2026-04-14 14:25:48.665 Z,2022,1,Boone,entry,suburb,3.45,104865,72827,203,66,10,213000,570000,1450000,279,0.4500000000000002,1088.9951919868738,0.12461681498920027,0,0,1,0,202201,1,3.830996745712442
2025-02-01,2025-02-28,30,county,5,862,FALSE,"Marion County, IN",NA,Indiana,IN,Single Family Residential,6,245000,0.008271945348,0.04255319149,238200,-0.007086285952,-0.02775510204,137.049220273,0.03103932974,0.03847107286,139.706816657,0.01641245054,0.01539767682,654,0.06688417618,-0.1394736842,982,0.1021324355,-0.07358490566,863,0.0601965602,-0.0944386149,1840,-0.03004744333,0.2407282535,2.8,-0.3,0.8,49,7,10,0.975286969,-1.578860617e-4,0.004321194936,0.1422018349,-0.02908690902,-0.04332448093,0.3293478261,0.001461690083,0.01579421853,0.3635437882,0.07734850199,-0.0968335703,"Indianapolis, IN",26900,2026-04-14 14:25:48.665 Z,2025,2,Marion,entry,metro,6.84,63450,971822,1137,129,8,196000,450000,1482500,1274,3.84,1283.0000368106444,0.24264776109893982,0,1,0,0,202502,5,1.3109396576739363
2024-06-01,2024-06-30,30,county,5,845,FALSE,"Hendricks County, IN",NA,Indiana,IN,Single Family Residential,6,350000,-0.02777777778,0.03244837758,359900,0.0138028169,0.02831509472,158.112875388,-0.004464459067,-0.008790958412,154.944289694,-0.02213920351,-0.02931959692,237,0.1617647059,0.09216589862,263,0.04365079365,0.1097046414,274,0.1610169492,0.003663003663,405,0.106557377,0.426056338,1.7,-0.1,0.4,11,-6,4,0.987960636,2.352186096e-4,-0.01305102546,0.2447257384,0.06825515016,-0.1193295611,0.4074074074,-0.03521554341,0.002477829943,0.463878327,0.007529120647,-0.1015225169,"Indianapolis, IN",26900,2026-04-14 14:25:48.665 Z,2024,6,Hendricks,entry,suburb,6.92,99988,179379,393,245,8,295000,445000,1200000,646,3.92,1847.8275809639033,0.22176592162626352,0,1,1,1,202406,3,3.6013134201885393
2025-12-01,2025-12-31,30,county,5,842,FALSE,"Hamilton County, IN",NA,Indiana,IN,Single Family Residential,6,470000,-0.01052631579,-0.01364113326,429995,0.0177408494,0.02393170534,168.59344894,-0.02826944905,-0.001129135849,181.708675264,0.0123064721,0.0439369597,450,0.0158013544,0.02040816327,305,-0.2720763723,-0.07575757576,191,-0.3993710692,-0.2107438017,778,-0.1589189189,0.1594634873,1.7,-0.4,0.2,36,10,7,0.9811275231,1.494512596e-4,-0.003642232346,0.1266666667,-0.02683220467,-0.03659863946,0.236503856,-0.1137664142,-0.01088809627,0.1672131148,-0.1024766227,-0.09945355191,"Indianapolis, IN",26900,2026-04-14 14:25:48.665 Z,2025,12,Hamilton,mid_luxury,suburb,6.19,117957,357176,448,641,74,294026,530000,1275000,1163,3.1900000000000004,2300.444027897377,0.23402874212440572,0,1,1,1,202512,2,3.2560978341209936
2024-04-01,2024-04-30,30,county,5,842,FALSE,"Hamilton County, IN",NA,Indiana,IN,Single Family Residential,6,445000,0.0289017341,-0.01111111111,449950,0.02263106758,0.05870588235,172.921192969,0.005667738016,0.04228768244,170.922668437,-0.0207684192,0.028552293,481,0.1760391198,0.1371158392,587,0.1033834586,0.1669980119,599,0.2453222453,0.3281596452,592,0.1495145631,0.3068432671,1.2,-0.1,0.1,11,-9,4,0.9990198723,0.007113176188,-0.003539349991,0.2931392931,0.04375054008,-0.08038316549,0.3665540541,0.09859288901,0.09503087525,0.5928449744,0.06464948572,0.01232807584,"Indianapolis, IN",26900,2026-04-14 14:25:48.665 Z,2024,4,Hamilton,mid_luxury,suburb,6.99,117957,357176,1076,1253,98,290000,507500,1379000,2427,3.99,2366.086481455711,0.2407066793617041,0,1,1,1,202404,2,6.79496942683719
2025-03-01,2025-03-31,30,county,5,842,FALSE,"Hamilton County, IN",NA,Indiana,IN,Single Family Residential,6,458137,0.06543488372,0.05927630058,449900,-2.211113568e-4,0.02251742927,172.110503881,0.004708160436,9.529668141e-4,180.961782315,0.02193104201,0.03674658126,441,0.2782608696,0.0782396088,610,0.487804878,0.1466165414,559,0.5190217391,0.1621621622,606,0.02364864865,0.1766990291,1.4,-0.3,0.1,21,-19,1,0.9909387301,0.001634853867,-9.679659968e-4,0.2267573696,0.02965592034,-0.02263138344,0.2656765677,0.05114954063,-0.002284597392,0.5344262295,0.1100359856,0.006230740786,"Indianapolis, IN",26900,2026-04-14 14:25:48.665 Z,2025,3,Hamilton,mid_luxury,suburb,6.65,117957,357176,880,985,71,294000,530000,1384900,1936,3.6500000000000004,2352.8628846768347,0.23936141658504384,0,1,1,1,202503,2,5.420296996438731
2024-03-01,2024-03-31,30,county,5,842,FALSE,"Hamilton County, IN",NA,Indiana,IN,Single Family Residential,6,432500,0.02976190476,-0.01764379878,439992.5,0.002260820046,2.102750625e-4,171.946644435,0.0219832723,0.04622919806,174.547749264,0.02427565612,0.03820680803,409,0.2319277108,-0.1461377871,532,0.2944038929,-0.03623188406,481,0.3587570621,-0.03992015968,515,0.05316973415,0.1625282167,1.3,-0.2,0.4,20,-15,0,0.9919066961,0.00593090514,-0.00197375312,0.2493887531,0.08975019884,0.02600670713,0.267961165,-0.02242738301,-0.05483793202,0.5281954887,0.08780619432,-0.05332625041,"Indianapolis, IN",26900,2026-04-14 14:25:48.665 Z,2024,3,Hamilton,mid_luxury,suburb,6.82,117957,357176,961,974,70,299000,512563,1296359,2005,3.8200000000000003,2260.272570726045,0.2299420199624655,0,1,1,1,202403,2,5.613479069142384
2023-11-01,2023-11-30,30,county,5,854,FALSE,"Johnson County, IN",NA,Indiana,IN,Single Family Residential,6,310000,0.04201680672,0.1171171171,300000,0.03448275862,0,151.726609971,-0.002252390928,0.04420958831,160.028811797,0.009479045228,0.1069069813,150,-0.02597402597,-0.1758241758,151,-0.1657458564,-0.1065088757,167,-0.1435897436,0.05031446541,359,0.06845238095,0.03458213256,2.4,0.2,0.5,26,4,10,0.9821548854,0.001132897639,-0.003498874966,0.1466666667,-0.03515151515,-0.03465201465,0.426183844,-0.08869710837,-0.05508416752,0.2913907285,-0.1561230837,-0.02221873898,"Indianapolis, IN",26900,2026-04-14 14:25:48.665 Z,2023,11,Johnson,entry,suburb,7.44,87227,163983,160,52,3,221250,468563,1250000,215,4.44,1723.874289799263,0.23715697522087376,0,1,1,1,202311,4,1.311111517657318
2021-05-01,2021-05-31,30,county,5,845,FALSE,"Hendricks County, IN",NA,Indiana,IN,Single Family Residential,6,276000,0.0534351145,0.1747180251,260000,-0.03668025195,-0.007898653032,126.311188811,0.03955693888,0.1950270732,125.232428941,0.007732195901,0.1011936163,287,0.2212765957,0.1908713693,290,0.02473498233,-0.1737891738,261,-0.09375,-0.1498371336,126,-0.06666666667,-0.6012658228,0.4,-0.2,-0.9,4,0,-8,1.0261838,0.004937521026,0.03909409075,0.5958188153,-0.02120246126,0.3551549149,0.2142857143,0.04391534392,-0.08634719711,0.8034482759,0.04373096137,0.2279497004,"Indianapolis, IN",26900,2026-04-14 14:25:48.665 Z,2021,5,Hendricks,entry,suburb,2.96,99988,179379,616,81,0,248984,420000,0,697,-0.040000000000000036,926.1451656825906,0.11115075797286761,0,0,1,0,202105,3,3.885627637571845
2022-08-01,2022-08-31,30,county,5,819,FALSE,"Boone County, IN",NA,Indiana,IN,Single Family Residential,6,370526,-0.08512098765,0.08340935673,389900,0.08320600083,0.1816941961,154.888523392,-0.0360487659,0.1617554298,150.886294855,-0.08086152378,0.08206830224,145,0.09848484848,-0.006849315068,124,-0.1014492754,-0.1842105263,107,-0.1893939394,-0.2074074074,209,-0.05429864253,0.7272727273,1.4,-0.3,0.6,14,9,9,0.9909998265,-0.02766906009,-0.01539998932,0.3103448276,-0.2729885057,-0.1691072272,0.3875598086,-0.02872978415,0.01565898217,0.4919354839,-0.01531089294,-0.113327674,"Indianapolis, IN",26900,2026-04-14 14:25:48.665 Z,2022,8,Boone,entry,suburb,5.22,104865,72827,151,95,9,275000,490000,1395000,255,2.2199999999999998,1631.3430738146255,0.18667922458184816,0,1,1,1,202208,1,3.5014486385543826
2025-12-01,2025-12-31,30,county,5,854,FALSE,"Johnson County, IN",NA,Indiana,IN,Single Family Residential,6,324900,0.1013559322,-0.04441176471,315000,-0.03669724771,0.05,162.448979592,0.01687958115,0.05945062074,163.613422074,-0.01093238011,0.06883140049,175,0.02339181287,-0.06417112299,149,-0.1767955801,-0.1629213483,118,-0.3516483516,-0.03278688525,483,-0.09039548023,0.2044887781,2.8,-0.3,0.7,38,-7,8,0.9776972405,0.006701212327,5.674830367e-4,0.1485714286,0.06085213033,0.02022918258,0.2463768116,-0.07189060837,-0.002999747009,0.1812080537,-0.06188586896,-0.03227509238,"Indianapolis, IN",26900,2026-04-14 14:25:48.665 Z,2025,12,Johnson,entry,suburb,6.19,87227,163983,239,115,3,260000,470810,2371484,357,3.1900000000000004,1590.2431163060803,0.21877305645812609,0,1,1,1,202512,4,2.177054938621686
2025-02-01,2025-02-28,30,county,5,819,FALSE,"Boone County, IN",NA,Indiana,IN,Single Family Residential,6,391950,-0.04635036496,0.0917979359,412450,0.03669724771,0.05770648613,162.488508904,-0.002387153995,0.05044471261,173.221180364,0.0191986192,0.05680402785,60,0.1538461538,-0.03225806452,79,0.2153846154,-0.2403846154,85,0.5454545455,0.0625,155,0.1481481481,0.1071428571,2.6,0,0.3,40,3,-28,0.9879175376,0.003637623326,0.01041227405,0.1833333333,0.08717948718,0.1188172043,0.2064516129,-0.08984468339,-0.07926267281,0.4430379747,0.1814995131,0.135345667,"Indianapolis, IN",26900,2026-04-14 14:25:48.665 Z,2025,2,Boone,mid_luxury,suburb,6.84,104865,72827,80,56,4,262499.5,554150,1151044,140,3.84,2052.5382221548252,0.23487778253810043,0,1,1,1,202502,1,1.922363958422014
2023-06-01,2023-06-30,30,county,5,854,FALSE,"Johnson County, IN",NA,Indiana,IN,Single Family Residential,6,299500,-0.05520504732,-0.0640625,309900,-0.0315625,0.03334444815,152.284442362,0.01116869728,0.01116869728,154.163454125,-0.01297426832,0.03226689032,232,0.04035874439,-0.1972318339,241,0.01687763713,-0.2098360656,244,0.06550218341,-0.2278481013,280,0.08949416342,0.1155378486,1.2,0,0.3,7,-6,2,0.9898809212,9.191443507e-4,-0.03374535436,0.275862069,-0.0201020566,-0.277771149,0.5142857143,0.07070594775,0.2234490609,0.5892116183,0.006933137245,-0.1157064145,"Indianapolis, IN",26900,2026-04-14 14:25:48.665 Z,2023,6,Johnson,entry,suburb,6.71,87227,163983,254,75,7,250000,450876,1200000,336,3.71,1547.6756950452198,0.21291696768824603,0,1,1,1,202306,4,2.048992883408646
2024-11-01,2024-11-30,30,county,5,819,FALSE,"Boone County, IN",NA,Indiana,IN,Single Family Residential,6,369900,-0.07522688067,0.08795717584,400000,0.06666666667,0.06666666667,167.826617827,-0.009918855747,0.02542631988,176.586656746,0.02644909075,0.07741073794,91,-0.0618556701,-0.2834645669,85,-0.07608695652,0.02409638554,68,-0.1707317073,-0.2989690722,147,-0.0981595092,-0.2010869565,1.6,-0.1,0.2,23,1,0,0.9918097686,0.007293836333,0.005383914881,0.1428571429,-0.0117820324,0.02474690664,0.2925170068,-0.1676056926,-0.01726560189,0.2823529412,-0.02199488491,-0.07909284196,"Indianapolis, IN",26900,2026-04-14 14:25:48.665 Z,2024,11,Boone,entry,suburb,6.81,104865,72827,92,60,8,273950,499000,1815250,160,3.8099999999999996,1931.148588590478,0.22098682175259368,0,1,1,1,202411,1,2.19698738105373
2021-05-01,2021-05-31,30,county,5,854,FALSE,"Johnson County, IN",NA,Indiana,IN,Single Family Residential,6,269500,0.078,0.2476851852,265000,0.06042416967,0.1353898886,130.268199234,0.0166583375,0.2051111856,128.882675225,0.01226601167,0.1473822129,276,0.1084337349,0.2266666667,301,0.0487804878,-0.03833865815,250,-0.05660377358,-0.0671641791,133,-0.02205882353,-0.5381944444,0.5,0,-0.8,4,0,-3,1.021241553,0.01329978551,0.03133514221,0.5326086957,0.07477737035,0.265942029,0.2180451128,-0.009896063689,-0.1152882206,0.7408637874,-0.008265132485,0.1785634679,"Indianapolis, IN",26900,2026-04-14 14:25:48.665 Z,2021,5,Johnson,entry,suburb,2.96,87227,163983,687,97,5,225000,454900,1750000,789,-0.040000000000000036,904.3337759110804,0.12441108041011342,0,0,1,0,202105,4,4.811474360147089
2025-10-01,2025-10-31,30,county,5,845,FALSE,"Hendricks County, IN",NA,Indiana,IN,Single Family Residential,6,355000,0.01428571429,0.01733772747,340000,-0.02841875152,-0.02857142857,159.068850902,-0.03851716788,0.02861504543,158.240223464,-0.03427342794,-0.01604030879,233,-0.1038461538,0.03097345133,239,-0.044,0.0814479638,274,0.1138211382,0.05791505792,579,0.04512635379,0.1673387097,2.5,0.4,0.3,27,4,2,0.9805411013,-0.002474599561,-0.004859206201,0.1201716738,-0.04905909541,-0.03027080406,0.4473229706,0.02674535331,-0.02243509388,0.3430962343,-0.04090376569,-0.005320055283,"Indianapolis, IN",26900,2026-04-14 14:25:48.665 Z,2025,10,Hendricks,entry,suburb,6.25,99988,179379,324,214,4,293000,463925,1142390,542,3.25,1748.6368492109605,0.209861605297951,0,1,1,1,202510,3,3.0215354082696413
2024-12-01,2024-12-31,30,county,5,842,FALSE,"Hamilton County, IN",NA,Indiana,IN,Single Family Residential,6,476500,0.05888888889,0.08295454545,419945,-0.01189411765,0.05249373434,168.784029038,0.006747090851,0.02370594857,174.060965631,-0.0139336785,-0.005676304698,441,-0.04338394794,0.274566474,330,-0.2448512586,0.03448275862,242,-0.3144475921,0.2474226804,671,-0.1136063408,0.1960784314,1.5,-0.1,-0.1,29,6,-2,0.9847697554,0.003760351285,0.003562492745,0.1632653061,-0.01243968303,0.04765836971,0.2473919523,-0.08021703052,-0.030682914,0.2666666667,-0.08115942029,0.0315569488,"Indianapolis, IN",26900,2026-04-14 14:25:48.665 Z,2024,12,Hamilton,mid_luxury,suburb,6.72,117957,357176,629,700,62,295000,537868,1387500,1391,3.7199999999999998,2464.8589696295107,0.25075500085246427,0,1,1,1,202412,2,3.894438596098282
2023-09-01,2023-09-30,30,county,5,842,FALSE,"Hamilton County, IN",NA,Indiana,IN,Single Family Residential,6,449995,-3.333259261e-5,0.1113923926,415000,-0.03487249852,-0.01166944511,167.355371901,0.01928587666,0.04238488784,172.09181012,0.01047416571,0.06480962214,483,-0.06936416185,-0.1909547739,431,-0.1883239171,-0.2192028986,441,-0.1420233463,-0.2263157895,652,0.07768595041,-0.2087378641,1.3,0.1,-0.1,13,4,3,0.993456468,-0.0017721285,-0.004550110365,0.2380952381,-0.05092210295,-0.05838717397,0.4938650307,-0.0201845561,0.07881648699,0.43387471,-0.06518367044,-0.08786442046,"Indianapolis, IN",26900,2026-04-14 14:25:48.665 Z,2023,9,Hamilton,mid_luxury,suburb,7.2,117957,357176,361,463,38,298500,499995,1236500,862,4.2,2443.610402554493,0.24859334190131924,0,1,1,1,202309,2,2.4133760387036083
2021-01-01,2021-01-31,30,county,5,842,FALSE,"Hamilton County, IN",NA,Indiana,IN,Single Family Residential,6,320000,-0.006211180124,0.03896103896,329500,0.01415820252,0.09869956652,123.326572008,0.01245242925,0.1550370509,129.211884393,0.009885244765,0.1526523212,357,-0.4482225657,0.0229226361,497,0.1558139535,-0.1295971979,377,0.1744548287,-0.09592326139,422,-0.1244813278,-0.563598759,1.2,0.5,-1.6,16,5,-31,0.9910647464,-7.311805035e-4,0.01373685967,0.2352941176,-0.01818347122,0.1521995618,0.2630331754,-0.00875105701,-0.1082181173,0.4869215292,0.08924711057,0.2067113716,"Indianapolis, IN",26900,2026-04-14 14:25:48.665 Z,2021,1,Hamilton,entry,suburb,2.74,117957,357176,878,337,33,233000,450000,1480000,1248,-0.2599999999999998,1043.741932063807,0.10618194074760876,0,0,1,0,202101,2,3.4940757497704213
2023-04-01,2023-04-30,30,county,5,819,FALSE,"Boone County, IN",NA,Indiana,IN,Single Family Residential,6,367750,0.02617406591,0.02866988997,396495,-0.008750109376,-0.01491925466,164.603001044,0.08239864641,0.02524154936,160.892152565,0.02820141248,0.09700068171,94,0.175,-0.2419354839,118,-0.1127819549,-0.1127819549,94,-0.1047619048,-0.3037037037,161,-0.006172839506,0.01257861635,1.7,-0.3,0.4,17,-7,12,0.9903663259,0.00761830103,-0.03227298515,0.2127659574,0.02526595745,-0.2630404942,0.3105590062,0.06364542596,0.1784835345,0.4406779661,0.004587740538,-0.1533069963,"Indianapolis, IN",26900,2026-04-14 14:25:48.665 Z,2023,4,Boone,entry,suburb,6.34,104865,72827,105,66,5,225000,467461,1200000,176,3.34,1828.69582672991,0.20926286101901417,0,1,1,1,202304,1,2.416686119159103
2021-09-01,2021-09-30,30,county,5,845,FALSE,"Hendricks County, IN",NA,Indiana,IN,Single Family Residential,6,276000,-0.01428571429,0.1062124248,280000,0,0.12,135.082979545,0.01987649556,0.1972060148,133.712374582,0.007972626756,0.201107267,299,-0.1179941003,-0.1205882353,325,-0.1424802111,-0.3128964059,293,-0.1174698795,-0.06984126984,207,0.04545454545,-0.1686746988,0.7,0.1,0,5,1,-5,1.015668483,-0.006064036577,0.0225452177,0.5551839465,-0.02298714496,0.2610662994,0.3140096618,-0.01427316645,0.03288516384,0.6861538462,-0.03943982139,0.2358367214,"Indianapolis, IN",26900,2026-04-14 14:25:48.665 Z,2021,9,Hendricks,entry,suburb,2.9,99988,179379,553,109,0,255000,435000,0,662,-0.10000000000000009,919.0357961476536,0.1102975312414674,0,0,1,0,202109,3,3.690510037406831
2023-04-01,2023-04-30,30,county,5,845,FALSE,"Hendricks County, IN",NA,Indiana,IN,Single Family Residential,6,328750,0.06048387097,0.02734375,329900,0.0261355065,-0.0152238806,152.5639909,0.01936834972,0.007077730885,158.349834983,0.01510455257,0.07699005241,176,-0.08808290155,-0.2874493927,227,0.03652968037,-0.2007042254,191,-0.01546391753,-0.2509803922,198,-0.02463054187,0.1379310345,1.1,0,0.4,11,-3,7,0.9843994948,-0.004464156075,-0.03730513855,0.1931818182,-0.09697362223,-0.3209882223,0.3131313131,-0.02184405633,0.1349703936,0.577092511,0.03827972563,-0.1200905876,"Indianapolis, IN",26900,2026-04-14 14:25:48.665 Z,2023,4,Hendricks,entry,suburb,6.34,99988,179379,277,127,1,260000,475000,1800000,405,3.34,1634.7620748809186,0.1961949923847964,0,1,1,1,202304,3,2.257789373338016
2024-04-01,2024-04-30,30,county,5,819,FALSE,"Boone County, IN",NA,Indiana,IN,Single Family Residential,6,366500,0.02950884142,-0.003399048266,399947.5,0.0525003454,0.008707549906,160.399761443,0.02995517407,-0.02553561949,168.144249502,0.02391844946,0.0450742738,102,0.009900990099,0.08510638298,135,0.2162162162,0.1440677966,145,0.5591397849,0.5425531915,158,0.1879699248,-0.01863354037,1.5,0.2,-0.2,21,-5,4,0.9856958285,-0.001505881849,-0.004670497429,0.1960784314,0.06736556009,-0.01668752607,0.3797468354,0.1015513467,0.06918782923,0.5407407407,0.1803803804,0.1000627746,"Indianapolis, IN",26900,2026-04-14 14:25:48.665 Z,2024,4,Boone,entry,suburb,6.99,104865,72827,136,72,6,305500,460000,2012500,214,3.99,1948.6981920303776,0.22299507275415564,0,1,1,1,202404,1,2.9384706221593637
2022-12-01,2022-12-31,30,county,5,862,FALSE,"Marion County, IN",NA,Indiana,IN,Single Family Residential,6,225000,0,0.03686635945,215000,-0.04444444444,0.075,123.533953621,-0.01863936144,0.0569016032,126.826968411,-0.009455916296,0.07288759764,906,-0.07267144319,-0.3610719323,769,-0.1939203354,-0.3516020236,684,-0.2483516484,-0.1428571429,1805,-0.09569138277,0.600177305,2,0,1.2,22,3,15,0.9738043336,-0.003508351828,-0.02513725374,0.1688741722,-0.05323432321,-0.2401526261,0.3335180055,-0.09584071189,0.05248963675,0.355006502,-0.0254966427,-0.1137961962,"Indianapolis, IN",26900,2026-04-14 14:25:48.665 Z,2022,12,Marion,entry,metro,6.36,63450,971822,1162,115,12,182500,453749,1650000,1289,3.3600000000000003,1121.200495998986,0.21204737512983188,0,1,0,0,202212,5,1.3263745829997673
2023-07-01,2023-07-31,30,county,5,819,FALSE,"Boone County, IN",NA,Indiana,IN,Single Family Residential,6,403060,0.1196111111,-0.004790123457,407445,0.02501886792,0.1319488818,161.683277962,0.01127972735,0.006238499231,158.342146603,-0.006479056544,-0.03544348087,137,0.0223880597,0.03787878788,147,0.1307692308,0.0652173913,108,-0.28,-0.1818181818,151,-0.1611111111,-0.3167420814,1.1,-0.2,-0.6,16,-2,11,0.9840391683,-0.01600129061,-0.03462971827,0.2189781022,-0.01982786796,-0.3643552311,0.5364238411,0.2697571744,0.1201342483,0.380952381,-0.04981684982,-0.1262939959,"Indianapolis, IN",26900,2026-04-14 14:25:48.665 Z,2023,7,Boone,mid_luxury,suburb,6.84,104865,72827,119,100,11,306000,535500,1300000,230,3.84,2110.7183462730545,0.24153549950199452,0,1,1,1,202307,1,3.158169360264737
2021-11-01,2021-11-30,30,county,5,819,FALSE,"Boone County, IN",NA,Indiana,IN,Single Family Residential,6,308500,-0.08727810651,-0.05942254337,329000,0.06472491909,0.03491664045,136.054421769,-0.03193066454,0.1465782894,145.638489209,0.03283646235,0.1872483703,117,-0.03305785124,-0.1203007519,100,-0.2957746479,-0.0990990991,83,-0.1941747573,0.2028985507,105,-0.01869158879,-0.1532258065,0.9,0,0,7,2,-12,0.9930119706,-0.006554760338,0.008353536779,0.3418803419,-0.03002048457,0.1463916201,0.2,-0.09906542056,-0.1548387097,0.47,-0.1215492958,0.1636936937,"Indianapolis, IN",26900,2026-04-14 14:25:48.665 Z,2021,11,Boone,entry,suburb,3.07,104865,72827,141,59,5,250000,528000,1560000,205,0.06999999999999984,1049.8592599060648,0.1201383790480406,0,0,1,0,202111,1,2.8148900819750917
2025-07-01,2025-07-31,30,county,5,842,FALSE,"Hamilton County, IN",NA,Indiana,IN,Single Family Residential,6,485000,-0.0330459054,0.04301075269,455000,-0.04210526316,0.07058823529,176.853423882,0.009672274528,0.009498462809,176.35720554,-0.02057571259,-0.008083755777,579,-0.0268907563,0.0376344086,580,-0.07051282051,0.05454545455,613,-0.03767660911,0.07355516637,994,0.1007751938,0.2630241423,1.7,0.2,0.3,13,5,3,0.9922577625,-0.002934141151,-0.001250226236,0.2590673575,-0.01656289459,-0.02587887905,0.4386317907,0.01891971987,0.03710701311,0.4293103448,-0.06908709107,-0.05068965517,"Indianapolis, IN",26900,2026-04-14 14:25:48.665 Z,2025,7,Hamilton,mid_luxury,suburb,6.72,117957,357176,564,596,50,243950,522810,1351315.5,1210,3.7199999999999998,2508.828122288169,0.25522807012265514,0,1,1,1,202507,2,3.3876856227742063
2023-10-01,2023-10-31,30,county,5,819,FALSE,"Boone County, IN",NA,Indiana,IN,Single Family Residential,6,394450.5,0.003716379552,0.04812270819,339995,-0.02858432655,0.07253943218,156.646473456,-0.03328142082,-0.006692115605,164.059080963,0.03237740166,0.04815523948,100,-0.009900990099,-0.1228070175,114,0.09615384615,0.1067961165,78,-0.1875,-0.2040816327,160,-0.1208791209,-0.2592592593,1.6,-0.2,-0.3,28,9,16,0.9805651455,-0.009889683559,-0.01129023989,0.12,-0.07801980198,-0.1607017544,0.625,0.1195054945,0.02314814815,0.2807017544,-0.09429824561,-0.1756089252,"Indianapolis, IN",26900,2026-04-14 14:25:48.665 Z,2023,10,Boone,mid_luxury,suburb,7.62,104865,72827,106,60,14,290000,495250,1661345,180,4.62,2232.431478419542,0.25546347914971157,0,1,1,1,202310,1,2.4716108036854463
2023-08-01,2023-08-31,30,county,5,845,FALSE,"Hendricks County, IN",NA,Indiana,IN,Single Family Residential,6,330000,-0.01343816798,0,339999.5,-0.005849415205,0.04616840259,158.29885629,0.04093465263,4.487717553e-4,150.69867278,-0.02717732237,0.00942160654,229,0.09047619048,-0.2184300341,221,-0.09053497942,-0.2508474576,244,0.02521008403,-0.119133574,335,0.1433447099,-0.01179941003,1.5,0.1,0.3,13,6,6,0.9875086658,-0.01097428134,-0.01763932332,0.2620087336,-0.04275317114,-0.0997660104,0.4776119403,0.01003514849,-0.01796328094,0.5067873303,-0.03642254623,-0.03558555104,"Indianapolis, IN",26900,2026-04-14 14:25:48.665 Z,2023,8,Hendricks,entry,suburb,7.07,99988,179379,329,161,3,287500,440000,1330000,493,4.07,1768.827174613082,0.21228473512178445,0,1,1,1,202308,3,2.7483707680386225
2024-09-01,2024-09-30,30,county,5,854,FALSE,"Johnson County, IN",NA,Indiana,IN,Single Family Residential,6,310000,-0.03426791277,0.03350558426,325000,-0.01514853075,0.05691056911,158.531533323,0.01653273574,0.04837386707,161.511829198,-0.04651087104,0.0289718761,222,0.1269035533,0.1326530612,236,-0.08171206226,0.2040816327,259,-0.05818181818,0.2392344498,476,0.1018518519,0.4556574924,2.1,-0.1,0.4,17,-3,1,0.9776876322,-0.004800451628,-0.004407003276,0.1441441441,-0.053825399,-0.02422320279,0.4264705882,-0.02723311547,-0.07811656773,0.4110169492,-0.03256281738,0.0181598063,"Indianapolis, IN",26900,2026-04-14 14:25:48.665 Z,2024,9,Johnson,entry,suburb,6.18,87227,163983,266,121,5,250000,470000,3331121,392,3.1799999999999997,1515.7059634581296,0.20851882515158787,0,1,1,1,202409,4,2.390491697310087
2023-08-01,2023-08-31,30,county,5,819,FALSE,"Boone County, IN",NA,Indiana,IN,Single Family Residential,6,385000,-0.04480722473,0.03906338557,396450,-0.02698523727,0.01679917928,161.536520017,-9.076878395e-4,0.04292116988,174.681835621,0.1031922919,0.1577051169,146,0.06569343066,0.006896551724,108,-0.2653061224,-0.1290322581,123,0.1388888889,0.1495327103,175,0.1589403974,-0.1626794258,1.2,0.1,-0.2,14,-2,0,0.9913799842,0.00734081588,3.801577037e-4,0.2054794521,-0.01349865013,-0.1048653755,0.3428571429,-0.1935666982,-0.04470266576,0.4537037037,0.07275132275,-0.03823178017,"Indianapolis, IN",26900,2026-04-14 14:25:48.665 Z,2023,8,Boone,entry,suburb,7.07,104865,72827,145,104,12,290000,517629,1207500,261,4.07,2063.631703715262,0.23614724116323985,0,1,1,1,202308,1,3.5838356653438974
2021-08-01,2021-08-31,30,county,5,845,FALSE,"Hendricks County, IN",NA,Indiana,IN,Single Family Residential,6,280000,-0.02777777778,0.1259404619,280000,0.009009009009,0.1914893617,132.450331126,0.03718797759,0.2056343936,132.654767632,-4.994731601e-4,0.1507571647,339,0.06269592476,0.059375,379,0.1450151057,0.03551912568,332,-0.0700280112,0.2481203008,198,0,-0.2265625,0.6,0,-0.2,4,0,-3,1.02173252,-0.008234003264,0.025888801740000002,0.5781710914,-0.05819254492,0.2750460914,0.3282828283,0.06565656566,-0.1560921717,0.7255936675,-0.07198941402,0.1627521375,"Indianapolis, IN",26900,2026-04-14 14:25:48.665 Z,2021,8,Hendricks,entry,suburb,2.84,99988,179379,617,127,3,260000,435320,1500000,747,-0.16000000000000014,925.17381168304,0.11103418150374524,0,0,1,0,202108,3,4.1643670663790076
2023-06-01,2023-06-30,30,county,5,819,FALSE,"Boone County, IN",NA,Indiana,IN,Single Family Residential,6,360000,-0.1219512195,-0.1583475557,397500,0.08165472765,0.03921568627,159.879876546,-0.003072570809,0.06700580711,159.374744585,-0.005707640577,0.01710890983,134,0,-0.05633802817,130,-0.1823899371,-0.2441860465,150,0.2396694215,-0.1935483871,180,0.2162162162,-0.1743119266,1.3,0.2,-0.2,18,5,13,1.000040459,-0.001658609198,-0.02071663386,0.2388059701,-0.0447761194,-0.303447551,0.2666666667,-0.3076576577,-0.03608562691,0.4307692308,-0.003193033382,-0.2262075134,"Indianapolis, IN",26900,2026-04-14 14:25:48.665 Z,2023,6,Boone,entry,suburb,6.71,104865,72827,136,82,10,291750,550000,1245075,228,3.71,1860.3113529758905,0.2128807155458035,0,1,1,1,202306,1,3.1307070180015653
2022-01-01,2022-01-31,30,county,5,854,FALSE,"Johnson County, IN",NA,Indiana,IN,Single Family Residential,6,269950,-0.06913793103,0.1762527233,274950,-0.0835,0.1601265823,140.978852679,0.04949267903,0.1682112558,143.169172132,0.01742479421,0.2007737017,168,-0.3956834532,0.08387096774,223,0.1206030151,0.07211538462,185,0.178343949,0.3405797101,129,-0.02272727273,-0.007692307692,0.8,0.3,0,5,-1,-1,1.009326272,-7.578237711e-4,0.01747140331,0.4107142857,-0.05691161357,0.1139400922,0.2558139535,-0.01691331924,-0.1134168157,0.6143497758,0.01133470041,0.08069592963,"Indianapolis, IN",26900,2026-04-14 14:25:48.665 Z,2022,1,Johnson,entry,suburb,3.45,87227,163983,398,98,0,225000,427000,0,496,0.4500000000000002,963.739413761885,0.13258363769409265,0,0,1,0,202201,4,3.024703780269906
2023-11-01,2023-11-30,30,county,5,842,FALSE,"Hamilton County, IN",NA,Indiana,IN,Single Family Residential,6,429000,-0.03595505618,0.04316109422,429995,0.07525631408,0.07646764301,165.492957746,0.01500793651,0.04949860143,175.170504988,0.004298556249,0.08859489256,377,-0.1066350711,-0.2368421053,355,-0.1705607477,-0.1486810552,370,-0.02374670185,0.0393258427,672,0.07692307692,-0.09189189189,1.8,0.3,0.3,21,5,3,0.9846052904,-0.003664874272,-0.004793286111,0.1618037135,-0.07279344287,-0.05277118526,0.4196428571,-0.08195970696,-6.274131274e-4,0.3408450704,-0.05868763986,0.01950214476,"Indianapolis, IN",26900,2026-04-14 14:25:48.665 Z,2023,11,Hamilton,mid_luxury,suburb,7.44,117957,357176,336,402,25,299997.5,500000,1650000,763,4.44,2385.6195816899476,0.24269382046236654,0,1,1,1,202311,2,2.1362017604766277
2021-03-01,2021-03-31,30,county,5,819,FALSE,"Boone County, IN",NA,Indiana,IN,Single Family Residential,6,316095,-0.09388123665,0.06788851351,349950,0.07018348624,0.1477533618,128.641594321,0.07991233127,0.1677537343,131.736253476,-0.005248140302,0.1383928153,112,0.4545454545,-0.02608695652,106,0.152173913,-0.231884058,105,0.75,-0.1532258065,75,0.1194029851,-0.6010638298,0.7,-0.2,-0.9,11,-13,-16,0.9949168423,0.01131024623,0.01264620922,0.2946428571,0.06087662338,0.1989906832,0.1466666667,-0.04736318408,-0.129929078,0.6509433962,0.1835520919,0.1944216571,"Indianapolis, IN",26900,2026-04-14 14:25:48.665 Z,2021,3,Boone,entry,suburb,3.08,104865,72827,178,52,6,234000,545000,1365000,236,0.08000000000000007,1077.0769492682753,0.12325297660057505,0,0,1,0,202103,1,3.240556387054252
2022-12-01,2022-12-31,30,county,5,845,FALSE,"Hendricks County, IN",NA,Indiana,IN,Single Family Residential,6,320000,-0.0303030303,0.01908393908,297450,-0.07046875,-0.02459419577,152.736393435,0.03789707353,0.08359011365,153.142032933,-0.00434810861,0.09625810525,202,-0.1255411255,-0.2170542636,163,-0.2418604651,-0.2624434389,122,-0.2906976744,-0.1866666667,271,-0.1314102564,0.5847953216,1.3,-0.1,0.6,23,4,16,0.982787627,-0.005634920563,-0.02283777273,0.1584158416,-0.05370537054,-0.2563128406,0.3800738007,-0.1167210711,0.1286118124,0.3619631902,-0.02873448423,-0.1674485745,"Indianapolis, IN",26900,2026-04-14 14:25:48.665 Z,2022,12,Hendricks,entry,suburb,6.36,99988,179379,204,104,0,277500,463155,0,308,3.3600000000000003,1594.5962609763358,0.19137451625911137,0,1,1,1,202212,3,1.717034881452121
2023-02-01,2023-02-28,30,county,5,845,FALSE,"Hendricks County, IN",NA,Indiana,IN,Single Family Residential,6,314250,-0.002380952381,0.08362068966,318900,-0.01876923077,0.01682755542,150.686899069,-0.0175035545,0.01876119851,156.31644778,0.05537588067,0.07563634008,136,-0.1225806452,-0.2765957447,189,0.01069518717,-0.06896551724,165,0.5137614679,-0.09340659341,201,-0.03365384615,0.3223684211,1.5,0.2,0.7,40,10,35,0.9785150351,-0.005319971384,-0.02653547114,0.1838235294,0.06124288425,-0.278942428,0.328358209,-0.0802956372,0.2296739984,0.5238095238,0.1815635345,-0.1264367816,"Indianapolis, IN",26900,2026-04-14 14:25:48.665 Z,2023,2,Hendricks,entry,suburb,6.26,99988,179379,242,101,0,263250,448755,0,343,3.26,1549.548473724087,0.18596813302285317,0,1,1,1,202302,3,1.9121524816171347
2023-11-01,2023-11-30,30,county,5,862,FALSE,"Marion County, IN",NA,Indiana,IN,Single Family Residential,6,230000,-0.02127659574,0.02222222222,230000,0,0.02222222222,127.496159754,-0.02342415178,0.01283662574,136.814025956,0.02144108015,0.06854500803,823,-0.04634994206,-0.1576253838,912,-0.1388101983,-0.04402515723,826,-0.2251407129,-0.09230769231,2019,-0.04719207173,0.01152304609,2.5,0,0.5,19,2,0,0.9774166467,-0.004858567749,1.039612668e-4,0.2077764277,-0.03092577392,-0.01433206769,0.416542843,-0.08274927593,-0.01281587444,0.3333333333,-0.07743153919,-0.04716981132,"Indianapolis, IN",26900,2026-04-14 14:25:48.665 Z,2023,11,Marion,entry,metro,7.44,63450,971822,1225,127,10,190000,462500,1479000,1362,4.44,1279.003505334937,0.24189191590258857,0,1,0,0,202311,5,1.4014912195854796
2024-11-01,2024-11-30,30,county,5,845,FALSE,"Hendricks County, IN",NA,Indiana,IN,Single Family Residential,6,340000,-0.02564837369,-0.02842569243,349900,-2.857142857e-4,0.0934375,154.457193292,-0.001206131847,-0.001951479843,158.141067897,-0.01665687188,0.02483627118,169,-0.2522123894,-0.1105263158,201,-0.09049773756,-0.03827751196,173,-0.332046332,-0.05464480874,468,-0.0564516129,0.2752043597,2.8,0.6,0.9,28,3,5,0.9825895669,-0.002810740578,-0.004058992262,0.1479289941,-0.002513483793,0.01635004671,0.3482905983,-0.1214674662,-0.07950231724,0.2935323383,-0.05488395128,-0.07010402533,"Indianapolis, IN",26900,2026-04-14 14:25:48.665 Z,2024,11,Hendricks,entry,suburb,6.81,99988,179379,255,170,0,280000,458000,0,425,3.8099999999999996,1775.0487161956273,0.21303140971264078,0,1,1,1,202411,3,2.369285144860881
2025-08-01,2025-08-31,30,county,5,854,FALSE,"Johnson County, IN",NA,Indiana,IN,Single Family Residential,6,350000,0.02189781022,0.09034267913,325000,0,-0.01514853075,162.961249775,0.002186491183,0.04493687521,164.54965358,0.003539185987,-0.02857699872,228,0.02702702703,0.1573604061,278,0.1931330472,0.08171206226,276,-0.003610108303,0.003636363636,534,0.04093567251,0.2361111111,2.3,0,0.1,29,11,9,0.9721197814,-0.01621588655,-0.01036830241,0.1140350877,-0.115694642,-0.08393445543,0.4868913858,-0.008235319885,0.03318768206,0.3776978417,0.04722573872,-0.06588192481,"Indianapolis, IN",26900,2026-04-14 14:25:48.665 Z,2025,8,Johnson,entry,suburb,6.59,87227,163983,291,153,10,257000,460000,1510000,454,3.59,1786.3956793913244,0.24575817295901375,0,1,1,1,202508,4,2.768579669843825
2022-06-01,2022-06-30,30,county,5,854,FALSE,"Johnson County, IN",NA,Indiana,IN,Single Family Residential,6,320000,0.06489184692,0.2307692308,299900,-0.0628125,0.1258564054,150.602409639,-0.01984136721,0.1479864784,149.344569288,-0.006465602208,0.14240321,289,0.01048951049,-0.1424332344,305,0.07394366197,-0.1260744986,316,0.1617647059,-0.02469135802,251,0.293814433,0.5987261146,0.9,0.2,0.4,5,0,1,1.023626276,0.003167900545,-1.706384207e-4,0.553633218,0.02566119002,0.007639152711,0.2908366534,0.007331498747,-0.008526403938,0.7049180328,-0.03803971369,-0.04293297008,"Indianapolis, IN",26900,2026-04-14 14:25:48.665 Z,2022,6,Johnson,entry,suburb,5.52,87227,163983,316,126,1,250000,463500,1270000,443,2.5199999999999996,1456.7538310722389,0.20040865755863282,0,1,1,1,202206,4,2.701499545684614
2025-10-01,2025-10-31,30,county,5,854,FALSE,"Johnson County, IN",NA,Indiana,IN,Single Family Residential,6,325000,-0.06876790831,0.03174603175,319500,0.06535511837,-0.08452722063,161.900756939,-5.948839976e-4,-0.007212339527,165.762507535,-0.005113964007,0.05118931701,233,0.05429864253,0.008658008658,215,-0.1330645161,-0.1260162602,229,-0.02136752137,-0.09842519685,538,0.01701323251,0.09572301426,2.3,-0.1,0.2,29,6,7,0.976860574,-0.001064206543,-0.004716450493,0.1716738197,0.05402676092,0.02448767256,0.4330855019,-0.03005249436,-0.05367620894,0.2930232558,-0.00536384096,-0.05657024012,"Indianapolis, IN",26900,2026-04-14 14:25:48.665 Z,2025,10,Johnson,entry,suburb,6.25,87227,163983,344,140,9,250000,456975,1345000,493,3.25,1600.8647211086256,0.22023429274540574,0,1,1,1,202510,4,3.0064092009537573
2024-09-01,2024-09-30,30,county,5,862,FALSE,"Marion County, IN",NA,Indiana,IN,Single Family Residential,6,242000,-0.05098039216,0.02978723404,249900,0.02,0.04168403501,141.660851361,-0.001407056607,0.07438931772,141.757345436,-0.00343163844,0.05872485991,941,-0.05045408678,0.03293084523,1043,-0.09146341463,-0.002868068834,1116,-0.1177865613,-0.05102040816,2287,0.07169634489,0.1177908113,2.4,0.2,0.2,15,-1,1,0.9849655632,0.002057120776,-0.001972946928,0.215727949,-0.001224624168,-0.06418423542,0.4320069961,-0.02863030478,-0.04160004206,0.4189837009,-0.02875149077,-0.0179187848,"Indianapolis, IN",26900,2026-04-14 14:25:48.665 Z,2024,9,Marion,entry,metro,6.18,63450,971822,1386,221,12,195000,462014,1637500,1619,3.1799999999999997,1183.2285263124754,0.22377844469266675,0,1,0,0,202409,5,1.6659429401680554
2025-04-01,2025-04-30,30,county,5,862,FALSE,"Marion County, IN",NA,Indiana,IN,Single Family Residential,6,260000,0.02362204724,0.03740648379,260000,0.0612244898,0.04,144.889558233,0.03345173575,0.02808590885,142.370295015,-0.01069352521,-0.003407934893,1002,0.1322033898,-0.03281853282,1297,0.02125984252,0.02854877082,1285,0.08898305085,0.1242344707,1977,0.0600536193,0.275483871,2,-0.1,0.5,20,-5,9,0.9869105468,0.003526426815,-0.003479137137,0.2574850299,0.03488615988,-0.04077751832,0.3909964593,0.006546057137,-0.02706805685,0.4726291442,0.01278662449,-0.03807664488,"Indianapolis, IN",26900,2026-04-14 14:25:48.665 Z,2025,4,Marion,entry,metro,6.73,63450,971822,1474,220,15,205000,452130,1435000,1709,3.7300000000000004,1346.3199571704363,0.2546231597485459,0,1,0,0,202504,5,1.758552492123043
2025-06-01,2025-06-30,30,county,5,842,FALSE,"Hamilton County, IN",NA,Indiana,IN,Single Family Residential,6,501575,0.04494791667,0.1146111111,475000,0.03260869565,0.06981981982,175.159235669,0.01091901729,0.03690832907,180.062111801,0.01006270334,0.04341076838,595,0.1038961039,0.07014388489,624,0.02295081967,0.08333333333,637,-0.08080808081,0.1796296296,903,0.06611570248,0.29,1.5,-0.1,0.2,8,-2,-2,0.9951919036,0.001448285784,-7.303024506e-4,0.2756302521,-0.0230710466,-0.04091651049,0.4197120709,0.07614654549,0.05256921373,0.4983974359,-0.04586485918,-0.04500534188,"Indianapolis, IN",26900,2026-04-14 14:25:48.665 Z,2025,6,Hamilton,mid_luxury,suburb,6.82,117957,357176,504,731,69,298521,539125,1390000,1304,3.8200000000000003,2621.2629240737942,0.26666628592525693,0,1,1,1,202506,2,3.650861200080633
2025-10-01,2025-10-31,30,county,5,819,FALSE,"Boone County, IN",NA,Indiana,IN,Single Family Residential,6,398000,-0.01056556868,-0.004975124378,373995,-0.06489561195,-0.00268,168.522860492,-0.02678048066,-0.005811421872,170.904667442,-0.07039073914,-0.006578731747,118,0.3720930233,0.2164948454,129,-0.02272727273,0.402173913,116,0.06422018349,0.4146341463,229,-0.02553191489,0.4049079755,1.9,-0.8,0.2,29,-13,7,0.982086915,0.009298477847,-0.002429017193,0.1610169492,0.07962160032,0.006377773895,0.4847161572,0.06343956146,0.02459345782,0.2868217054,-0.06923890063,-0.01752612066,"Indianapolis, IN",26900,2026-04-14 14:25:48.665 Z,2025,10,Boone,mid_luxury,suburb,6.25,104865,72827,113,88,13,305000,495000,1374600,214,3.25,1960.44356615764,0.2243391292985427,0,1,1,1,202510,1,2.9384706221593637
2023-04-01,2023-04-30,30,county,5,862,FALSE,"Marion County, IN",NA,Indiana,IN,Single Family Residential,6,235000,0.006423982869,0,249900,0.04168403501,0.08699434537,131.443298969,0.03012600229,0.007333645736,136.745315942,0.02316200378,0.04376895274,977,-0.06952380952,-0.2233704293,1254,-0.02412451362,-0.1628838451,1074,0.01512287335,-0.2643835616,1323,0.009923664122,0.2528409091,1.4,0.2,0.6,13,-9,9,0.9886913424,0.00837139494,-0.03462257223,0.3142272262,0.07708436906,-0.2104150631,0.3144368859,-0.04205166375,0.06443688587,0.5749601276,0.08079670347,-0.1259744518,"Indianapolis, IN",26900,2026-04-14 14:25:48.665 Z,2023,4,Marion,entry,metro,6.34,63450,971822,1350,178,13,195000,484250,1350000,1541,3.34,1168.575171397767,0.22100712461423488,0,1,0,0,202304,5,1.5856813284737328
2024-12-01,2024-12-31,30,county,5,845,FALSE,"Hendricks County, IN",NA,Indiana,IN,Single Family Residential,6,342745,0.008073529412,0.02271489635,339997.5,-0.02830094313,0.002365895724,157.740963921,0.02126006927,0.05687686595,159.480725383,0.008471281392,-0.02460935192,206,0.2189349112,0.07291666667,152,-0.2437810945,-0.0843373494,116,-0.3294797688,-0.07936507937,426,-0.08974358974,0.2948328267,2.1,-0.7,0.4,33,5,4,0.9814972133,-0.001092353612,0.004501144305,0.1116504854,-0.03627850865,-0.0341828479,0.2488262911,-0.09946430721,-0.0277694536,0.2828947368,-0.01063760147,-0.01228598605,"Indianapolis, IN",26900,2026-04-14 14:25:48.665 Z,2024,12,Hendricks,entry,suburb,6.72,99988,179379,256,112,2,279000,452500,1920000,370,3.7199999999999998,1772.9655562343476,0.21278140051618363,0,1,1,1,202412,3,2.0626717731730024
2024-07-01,2024-07-31,30,county,5,854,FALSE,"Johnson County, IN",NA,Indiana,IN,Single Family Residential,6,305820.5,-0.1005279412,-0.02914126984,317500,0.003159557662,0.05834215285,162.930009854,0.04998859173,0.06308465107,162.135178269,0.006532983683,0.01001856503,214,-0.03167420814,0.07537688442,242,0.06607929515,-0.02024291498,241,0.07589285714,0.1756097561,399,0.04724409449,0.4832713755,1.9,0.2,0.5,14,1,-2,0.9879720593,0.00692554658,-0.006308107796,0.2476635514,0.06666807629,-0.0387686094,0.5137844612,0.1095849861,0.01564319721,0.4380165289,-0.07299668693,-0.0316190986,"Indianapolis, IN",26900,2026-04-14 14:25:48.665 Z,2024,7,Johnson,entry,suburb,6.85,87227,163983,268,78,6,235000,455000,1455736.5,352,3.8499999999999996,1603.1336020285053,0.22054642741745173,0,1,1,1,202407,4,2.146563973094772
2024-02-01,2024-02-29,30,county,5,842,FALSE,"Hamilton County, IN",NA,Indiana,IN,Single Family Residential,6,420000,-0.03079085159,0,439000,0.04523809524,0.05657107787,168.248002777,0.03045006291,0.07010867109,170.410912551,-0.03101733417,0.04776827381,332,0.08852459016,-0.09782608696,411,0.01732673267,0.01481481481,354,0.1419354839,0.1202531646,489,-0.022,0.118993135,1.5,-0.1,0.3,35,0,2,0.9859757909,0.006747481248,0.00101204556,0.1596385542,0.04488445586,-0.01699188057,0.2903885481,-0.05561145194,0.05469060755,0.4403892944,0.1012803835,-0.03862305128,"Indianapolis, IN",26900,2026-04-14 14:25:48.665 Z,2024,2,Hamilton,mid_luxury,suburb,6.78,117957,357176,805,912,43,295000,515000,1350000,1760,3.7800000000000002,2185.9942180770176,0.22238553555044815,0,1,1,1,202402,2,4.927542724035209
2021-10-01,2021-10-31,30,county,5,845,FALSE,"Hendricks County, IN",NA,Indiana,IN,Single Family Residential,6,274000,-0.007246376812,0.1093117409,295900,0.05678571429,0.207755102,135.78036407,0.005162638019,0.2140639451,141.498161765,0.05822787313,0.2093476048,319,0.06688963211,0,277,-0.1476923077,-0.1206349206,243,-0.1706484642,-0.1321428571,209,0.009661835749,-0.1930501931,0.7,0,-0.1,5,0,-2,1.013997466,-0.001671017505,0.01972480653,0.5297805643,-0.02540338222,0.2319749216,0.2440191388,-0.06999052308,-0.2154403207,0.6209386282,-0.065215218,0.01141481864,"Indianapolis, IN",26900,2026-04-14 14:25:48.665 Z,2021,10,Hendricks,entry,suburb,3.07,99988,179379,572,104,0,250000,447950,0,676,0.06999999999999984,932.4519844870722,0.11190766705849567,0,0,1,0,202110,3,3.768557077472837
2024-03-01,2024-03-31,30,county,5,819,FALSE,"Boone County, IN",NA,Indiana,IN,Single Family Residential,6,355995,-0.008356662349,-0.006627228842,379997.5,-0.02551625539,-0.04999437493,155.734701356,0.006783154768,0.02408236106,164.216446722,0.001867104071,0.04944572983,101,0.6290322581,0.2625,111,0.06730769231,-0.1654135338,93,0.1625,-0.1142857143,133,-0.05,-0.1790123457,1.3,-1,-0.7,26,-42,2,0.9872017104,0.009696446787,0.00445368545,0.1287128713,0.06419674225,-0.05878712871,0.2781954887,-0.007518796992,0.03128190847,0.3603603604,0.05266805267,-0.0757298652,"Indianapolis, IN",26900,2026-04-14 14:25:48.665 Z,2024,3,Boone,entry,suburb,6.82,104865,72827,134,52,4,263500,450027.5,1300000,190,3.8200000000000003,1860.4525637355337,0.21289687469438234,0,1,1,1,202403,1,2.6089225150013045
2025-09-01,2025-09-30,30,county,5,862,FALSE,"Marion County, IN",NA,Indiana,IN,Single Family Residential,6,250000,-0.029126213589999998,0.03305785124,249000,0.01632653061,-0.003601440576,140.990745781,-0.006384364789,-0.00473035121,141.083449749,5.337019341e-4,-0.00475386785,931,-0.04020618557,-0.01062699256,1072,-0.07586206897,0.02780441035,1198,-0.03464947623,0.07347670251,2700,0.0461061604,0.1805859204,2.9,0.2,0.5,30,10,15,0.9770669435,-0.002965381802,-0.007898619695,0.1858216971,-0.03582778744,-0.02990625189,0.4544444444,-0.004292479229,0.02243744838,0.3255597015,-0.05288857437,-0.09342399937,"Indianapolis, IN",26900,2026-04-14 14:25:48.665 Z,2025,9,Marion,entry,metro,6.35,63450,971822,1385,213,14,192000,465000,1319500,1612,3.3499999999999996,1244.471410908635,0.23536102333969458,0,1,0,0,202509,5,1.6587399750160008
2023-10-01,2023-10-31,30,county,5,845,FALSE,"Hendricks County, IN",NA,Indiana,IN,Single Family Residential,6,355000,0.04877544388,0.07902735562,349900,0.04447761194,0.1644023661,155.279503106,0.0107758139,0.03440038223,155.015197568,-0.01453913281,0.003114522241,173,-0.07486631016,-0.202764977,190,-0.1363636364,-0.246031746,201,-0.08636363636,-0.00495049505,367,0.03966005666,0.07941176471,2.1,0.2,0.5,20,6,6,0.9879111365,0.00120827933,-0.00371159983,0.1965317919,0.02540879726,-0.07996590395,0.4686648501,-0.04691588641,-0.06074691457,0.3631578947,-0.05502392344,-0.0693817878,"Indianapolis, IN",26900,2026-04-14 14:25:48.665 Z,2023,10,Hendricks,entry,suburb,7.62,99988,179379,240,138,2,275000,448622.5,1480000,380,4.62,2009.1574857654825,0.24112783363189372,0,1,1,1,202310,3,2.1184196589344353
2023-01-01,2023-01-31,30,county,5,854,FALSE,"Johnson County, IN",NA,Indiana,IN,Single Family Residential,6,289900,-0.07968253968,0.07390257455,309000,0.07707349719,0.1238406983,144.40433213,0.01976741717,0.02429782472,143.142476698,-0.008753278874,-1.864607694e-4,117,-0.3709677419,-0.3035714286,168,0.08387096774,-0.2466367713,164,0.4385964912,-0.1135135135,285,-0.03716216216,1.209302326,2.4,0.8,1.6,30,5,25,0.9768039671,-0.006881022773,-0.0325223048,0.09401709402,-0.04039150813,-0.3166971917,0.3192982456,-0.1029990517,0.06348429213,0.3095238095,0.01920122888,-0.3048259663,"Indianapolis, IN",26900,2026-04-14 14:25:48.665 Z,2023,1,Johnson,entry,suburb,6.27,87227,163983,141,45,0,235000,440000,0,186,3.2699999999999996,1430.98943114143,0.19686419541767067,0,1,1,1,202301,4,1.1342639176012148
2024-01-01,2024-01-31,30,county,5,819,FALSE,"Boone County, IN",NA,Indiana,IN,Single Family Residential,6,362500,-0.03333333333,0.01540616246,359995,0.07464401922,-0.00689664685,153.310474654,-0.04733986735,0.007771811773,154.946852003,0.007154538021,-0.01968045162,58,-0.1076923077,0,98,0.2894736842,0.3243243243,84,0.6153846154,0.2923076923,157,-0.006329113924,-0.06547619048,2.7,0.3,-0.2,50,12,16,0.9750479899,-0.003238983165,-0.001539279407,0.08620689655,0.009283819629,-0.05172413793,0.2802547771,0.02076110618,0.03025477707,0.2755102041,0.03866809882,-0.06232763376,"Indianapolis, IN",26900,2026-04-14 14:25:48.665 Z,2024,1,Boone,entry,suburb,6.64,104865,72827,69,33,10,282380,475000,1312000,112,3.6399999999999997,1859.7789778853908,0.21281979435106746,0,1,1,1,202401,1,1.5378911667376112
2021-11-01,2021-11-30,30,county,5,854,FALSE,"Johnson County, IN",NA,Indiana,IN,Single Family Residential,6,285000,0.05555555556,0.2675257675,275000,0.01851851852,0.2793672947,139.588100686,3.813882532e-4,0.2174760907,138.889346864,0.03144066127,0.1548332282,260,-0.01886792453,0.02362204724,271,-0.02517985612,0.02264150943,225,-0.1141732283,0.1138613861,157,-0.1373626374,-0.1229050279,0.6,-0.1,-0.1,4,-1,-2,1.013887334,-0.003601773285,0.02092673603,0.4923076923,-0.05863570392,0.1734100545,0.3757961783,0.05162035417,-0.04878482724,0.6900369004,-0.01140194855,0.1089048249,"Indianapolis, IN",26900,2026-04-14 14:25:48.665 Z,2021,11,Johnson,entry,suburb,3.07,87227,163983,291,63,4,241700,430000,1715000,358,0.06999999999999984,969.8861882438524,0.13342926225739998,0,0,1,0,202111,4,2.183153131727069
2024-12-01,2024-12-31,30,county,5,854,FALSE,"Johnson County, IN",NA,Indiana,IN,Single Family Residential,6,340000,0.005917159763,0.1724137931,300000,-0.04897765097,-0.1162174105,153.333224231,0.01208740247,0.01741104078,153.076923077,-0.03144508764,-0.01247362732,187,-0.0310880829,0.1761006289,178,-0.1797235023,0.2191780822,122,-0.3068181818,0.1509433962,401,-0.1225382932,0.2262996942,2.1,-0.3,0,30,3,3,0.9771297575,0.003282881118,1.909349332e-4,0.128342246,-0.01155412707,-0.01631184206,0.2493765586,-0.1357437915,-0.02585279919,0.2134831461,-0.07223113965,-0.005694936124,"Indianapolis, IN",26900,2026-04-14 14:25:48.665 Z,2024,12,Johnson,entry,suburb,6.72,87227,163983,225,102,3,275000,443000,1100000,330,3.7199999999999998,1758.7661063463454,0.24195711506937237,0,1,1,1,202412,4,2.0124037247763487
2025-08-01,2025-08-31,30,county,5,862,FALSE,"Marion County, IN",NA,Indiana,IN,Single Family Residential,6,257500,-0.02830188679,0.009803921569,245000,-0.02,0,141.896665858,-0.04238720688,2.552424048e-4,141.008193403,-0.01392871746,-0.008698252395,970,0.009365244537,-0.02119071645,1160,0.002592912705,0.01045296167,1241,0.02308326463,-0.01897233202,2581,0.03904991948,0.2094657919,2.7,0.1,0.5,20,6,4,0.9800323253,-0.002868249133,-0.002876117117,0.2216494845,-0.01352221161,0.004696911378,0.4587369237,-0.01509560451,-0.00190037717,0.3784482759,-0.02604610616,-0.06928691578,"Indianapolis, IN",26900,2026-04-14 14:25:48.665 Z,2025,8,Marion,entry,metro,6.59,63450,971822,1387,207,15,202900,495000,1400000,1609,3.59,1314.2768212664744,0.24856299220169728,0,1,0,0,202508,5,1.6556529899508348
2021-09-01,2021-09-30,30,county,5,842,FALSE,"Hamilton County, IN",NA,Indiana,IN,Single Family Residential,6,356500,0.005641748942,0.09692307692,349900,-2.857142857e-4,0.09532008139,140.041164324,0.03238524411,0.2043540132,142.141826489,0.007735760843,0.1434162845,760,0.01876675603,-0.05590062112,678,-0.1251612903,-0.3639774859,568,-0.09984152139,-0.1897289586,389,-0.04656862745,-0.3883647799,0.5,0,-0.3,5,0,-8,1.019178151,0.002137279048,0.03075285188,0.5105263158,-0.01896430083,0.2471722785,0.2776349614,-0.1341297444,-0.1154467996,0.6386430678,-0.04006660957,0.2174423174,"Indianapolis, IN",26900,2026-04-14 14:25:48.665 Z,2021,9,Hamilton,entry,suburb,2.9,117957,357176,745,479,23,279700,479000,1360000,1247,-0.10000000000000009,1187.087903357386,0.12076481124722256,0,0,1,0,202109,2,3.49127600958631
2023-03-01,2023-03-31,30,county,5,819,FALSE,"Boone County, IN",NA,Indiana,IN,Single Family Residential,6,358370,-0.0443211819,-0.1063092269,399995,0.05414415602,0.1444778255,152.072437996,-0.009975347625,0.02374240104,156.479217604,-0.04101467532,0.001214729988,80,0.3559322034,-0.2079207921,133,0.4,-0.06338028169,105,0.265060241,-0.1463414634,162,-0.03571428571,0.1408450704,2,-0.8,0.6,24,-19,20,0.9827480249,-0.004963736892,-0.03725890763,0.1875,0.001059322034,-0.2184405941,0.2469135802,-0.08046737213,0.1271952704,0.4360902256,0.02556390977,-0.1554590702,"Indianapolis, IN",26900,2026-04-14 14:25:48.665 Z,2023,3,Boone,entry,suburb,6.54,104865,72827,119,53,8,235000,475000,1200000,180,3.54,1819.6621418206512,0.2082291107790761,0,1,1,1,202303,1,2.4716108036854463
2024-02-01,2024-02-29,30,county,5,854,FALSE,"Johnson County, IN",NA,Indiana,IN,Single Family Residential,6,312000,-0.003194888179,0.04347826087,349900,0.01410001884,0.1566942149,150.308659556,-0.01499004306,0.08045854176,155.283018868,-0.0308059166,0.0137445955,166,0.580952381,0.3070866142,197,-0.02475247525,0,187,0.3169014085,0.1543209877,289,0.0176056338,0.1072796935,1.7,-1,-0.4,42,-4,-3,0.9758365459,0.001503294942,-0.002701430033,0.1385542169,0.03379231211,0.02044398065,0.2698961938,-0.02235732736,-0.1094141511,0.4111675127,0.1487912751,-0.02030456853,"Indianapolis, IN",26900,2026-04-14 14:25:48.665 Z,2024,2,Johnson,entry,suburb,6.78,87227,163983,195,57,5,260000,464900,1280000,257,3.7800000000000002,1623.8814191429276,0.22340074781564345,0,1,1,1,202402,4,1.5672356280833988
2022-05-01,2022-05-31,30,county,5,854,FALSE,"Johnson County, IN",NA,Indiana,IN,Single Family Residential,6,300500,0.08483754513,0.1150278293,320000,0.06702234078,0.2075471698,153.651056676,0.01947101253,0.1794978174,150.316455696,0.0197447143,0.1663045901,286,0.2599118943,0.03623188406,284,-0.006993006993,-0.05647840532,272,-0.06206896552,0.088,194,0.1149425287,0.4586466165,0.7,-0.1,0.2,5,1,1,1.020458375,-0.007997157299,-7.831783096e-4,0.527972028,-0.07114691476,-0.00463666768,0.2835051546,0.04212584429,0.06546004186,0.7429577465,-0.001797498276,0.002093959103,"Indianapolis, IN",26900,2026-04-14 14:25:48.665 Z,2022,5,Johnson,entry,suburb,5.23,87227,163983,353,117,4,250000,450000,1240000,474,2.2300000000000004,1324.5212930649373,0.18221715199169117,0,1,1,1,202205,4,2.8905435319514825
2023-08-01,2023-08-31,30,county,5,862,FALSE,"Marion County, IN",NA,Indiana,IN,Single Family Residential,6,245000,-0.02,0.02083333333,238000,-0.01652892562,0.05777777778,136.507936508,-0.008593875261,0.0446720575,135.209713024,0.001822303213,0.03649996527,1040,0.02665350444,-0.2507204611,1171,0.0156114484,-0.2366362451,1285,0.08806096528,-0.1410427807,1823,0.1301921885,-0.03951527924,1.8,0.2,0.4,11,3,3,0.9901934177,-0.00177063824,-0.002707238187,0.3105769231,-0.0369058015,-0.04893316338,0.4772353264,0.05442069526,-0.008012302698,0.5200683177,-0.02112856003,0.009638069959,"Indianapolis, IN",26900,2026-04-14 14:25:48.665 Z,2023,8,Marion,entry,metro,7.07,63450,971822,1489,182,9,191000,490000,1425000,1680,4.07,1313.2201750915303,0.2483631536816133,0,1,0,0,202308,5,1.7287116364931026
2022-02-01,2022-02-28,30,county,5,819,FALSE,"Boone County, IN",NA,Indiana,IN,Single Family Residential,6,350000,0.1474093137,0.003310926056,354900,-0.03959602957,0.08532110092,143.54805726,-0.01238936605,0.2050481649,154.034229829,-0.06663240688,0.1631258104,75,-0.02597402597,-0.02597402597,101,0.3116883117,0.09782608696,95,-0.0206185567,0.5833333333,138,0.06153846154,1.059701493,1.8,0.1,0.9,16,-3,-8,0.9994758119,-7.63483704e-4,0.01586921578,0.3733333333,0.009696969697,0.1395670996,0.0652173913,-0.01939799331,-0.1288124594,0.6435643564,0.1760318889,0.1761730521,"Indianapolis, IN",26900,2026-04-14 14:25:48.665 Z,2022,2,Boone,entry,suburb,3.76,104865,72827,189,69,8,250000,550000,1225000,266,0.7599999999999998,1298.3129942478852,0.1485696460303688,0,0,1,0,202202,1,3.652491521001826
2024-07-01,2024-07-31,30,county,5,845,FALSE,"Hendricks County, IN",NA,Indiana,IN,Single Family Residential,6,349240,-0.002171428571,0.0440813764,349900,-0.02778549597,0.0230994152,160.529344074,0.01528318728,0.05560179603,158.829889742,0.02507740076,0.02531306864,221,-0.06751054852,0.05238095238,280,0.06463878327,0.1522633745,263,-0.0401459854,0.1050420168,427,0.05432098765,0.457337884,1.9,0.2,0.5,21,10,14,0.989412358,0.001451722016,-0.009070589116,0.1583710407,-0.08635469767,-0.146390864,0.4988290398,0.09142163241,0.031252248,0.3428571429,-0.1210211841,-0.2003527337,"Indianapolis, IN",26900,2026-04-14 14:25:48.665 Z,2024,7,Hendricks,entry,suburb,6.85,99988,179379,373,214,6,295000,446000,1284000,593,3.8499999999999996,1830.741821337795,0.2197153844066642,0,1,1,1,202407,3,3.305849625652947
2025-04-01,2025-04-30,30,county,5,854,FALSE,"Johnson County, IN",NA,Indiana,IN,Single Family Residential,6,321000,0.01904761905,0.05245901639,342500,-0.02114889969,0.0223880597,151.768172888,-0.004993051895,-0.03241650295,163.270997375,0.03361426072,0.03721611787,225,0.1306532663,0.07655502392,275,0.1044176707,0.1316872428,268,0.1703056769,0.03875968992,369,0.04829545455,0.178913738,1.6,-0.2,0.1,26,-8,7,0.982026873,0.001470917387,-8.958500736e-4,0.16,0.009246231156,-0.03138755981,0.379403794,0.05269924858,-0.07107543919,0.4618181818,0.04414749909,-0.023778526,"Indianapolis, IN",26900,2026-04-14 14:25:48.665 Z,2025,4,Johnson,entry,suburb,6.73,87227,163983,354,131,4,259900,490000,1865000,489,3.7300000000000004,1662.1873317373463,0.2286705719656546,0,1,1,1,202504,4,2.982016428532226
2024-06-01,2024-06-30,30,county,5,842,FALSE,"Hamilton County, IN",NA,Indiana,IN,Single Family Residential,6,450000,0.01465614431,-0.01960784314,444000,-0.002135071356,0.009102376163,168.924514113,0.00597921636,0.02086714696,172.570685733,-0.00400543011,0.06027494604,556,0.03731343284,-0.0430292599,576,-0.008605851979,-0.02866779089,540,-0.1233766234,-0.08629441624,700,0.02040816327,0.2006861063,1.3,0,0.3,10,3,4,0.9959222061,-0.002639470295,-0.007644259818,0.3165467626,-0.01367711801,-0.0638318949,0.3671428571,0.005626822157,-0.04452095075,0.5434027778,0.01156112545,-0.02826669946,"Indianapolis, IN",26900,2026-04-14 14:25:48.665 Z,2024,6,Hamilton,mid_luxury,suburb,6.92,117957,357176,998,1344,135,295000,495389,1269900,2477,3.92,2375.778318382161,0.24169264919068756,0,1,1,1,202406,2,6.934956436042735
2023-07-01,2023-07-31,30,county,5,842,FALSE,"Hamilton County, IN",NA,Indiana,IN,Single Family Residential,6,475000,0.0348583878,0.1179100965,425000,-0.03407993273,0.04679802956,164.910858995,-0.003388708806,0.05075945554,165.519818232,0.01695438944,0.03918591382,509,-0.1239242685,-0.2481536189,519,-0.1247892074,-0.1928460342,478,-0.1912013536,-0.273556231,576,-0.01200686106,-0.2558139535,1.1,0.1,0,9,3,4,0.996720954,-0.006845511834,-0.02117665203,0.3123772102,-0.06800144727,-0.2400600128,0.4322916667,0.02062785878,-0.0186127261,0.5626204239,-0.009049053342,-0.003475999125,"Indianapolis, IN",26900,2026-04-14 14:25:48.665 Z,2023,7,Hamilton,mid_luxury,suburb,6.84,117957,357176,754,790,75,287437.5,520000,1300075,1619,3.84,2487.449050959413,0.2530531347144549,0,1,1,1,202307,2,4.532779358075571
2024-01-01,2024-01-31,30,county,5,845,FALSE,"Hendricks County, IN",NA,Indiana,IN,Single Family Residential,6,339947.5,0.01436745168,0.0791984127,350000,0.03185483277,0.07692307692,148.791375651,-0.00308607942,-0.02986259189,154.587475149,-0.05453667076,0.04370266241,144,-0.25,-0.07096774194,204,0.2289156627,0.09090909091,160,0.2698412698,0.4678899083,308,-0.06382978723,0.4807692308,2.1,0.4,0.8,32,3,2,0.9765696426,-4.264264233e-4,-0.007265363912,0.1041666667,-0.04166666667,-0.01841397849,0.2987012987,0.02210555402,-0.1099525475,0.3284313725,0.03325064966,-0.01381461676,"Indianapolis, IN",26900,2026-04-14 14:25:48.665 Z,2024,1,Hendricks,entry,suburb,6.64,99988,179379,301,128,3,280000,454440,2485600,432,3.6399999999999997,1744.0750733370862,0.2093141264956298,0,1,1,1,202401,3,2.408308664893884
2024-11-01,2024-11-30,30,county,5,842,FALSE,"Hamilton County, IN",NA,Indiana,IN,Single Family Residential,6,450000,0.02272727273,0.04895104895,425000,0,-0.01161641414,167.652859961,-0.02375970109,0.01305132402,176.520546171,0.01312049431,0.007707011995,461,0.02444444444,0.2228116711,437,-0.1563706564,0.2309859155,353,-0.2868686869,-0.04594594595,757,-0.05375,0.1264880952,1.6,-0.2,-0.2,23,0,2,0.9810094041,-0.004133702192,-0.003595886249,0.1757049892,-0.004295010846,0.01390127563,0.3276089828,-0.1036410172,-0.09203387432,0.347826087,-0.01317777405,0.006981016534,"Indianapolis, IN",26900,2026-04-14 14:25:48.665 Z,2024,11,Hamilton,mid_luxury,suburb,6.81,117957,357176,712,754,48,290000,510000,1367500,1514,3.8099999999999996,2349.329183200095,0.23900192611206744,0,1,1,1,202411,2,4.238806638743925
2022-05-01,2022-05-31,30,county,5,819,FALSE,"Boone County, IN",NA,Indiana,IN,Single Family Residential,6,380500,0.06433417576,0.1367710325,369375,-0.08229813665,0.0553722196,149.921712243,-0.0662019066,0.1376246815,154.690830974,0.05471860702,0.1571699273,128,0.03225806452,0,149,0.1203007519,0.1203007519,165,0.2222222222,0.3636363636,174,0.09433962264,1.32,1.4,0.1,0.8,5,0,1,1.020171712,-0.002467598625,0.009021672757,0.453125,-0.02268145161,-0.09375,0.2183908046,0.0863153329,-0.008275862069,0.7516778523,0.1576928899,0.03739213806,"Indianapolis, IN",26900,2026-04-14 14:25:48.665 Z,2022,5,Boone,entry,suburb,5.23,104865,72827,161,88,8,217000,613815,3780000,257,2.2300000000000004,1677.1392745797293,0.1919198139985386,0,1,1,1,202205,1,3.528910980817554
2024-05-01,2024-05-31,30,county,5,819,FALSE,"Boone County, IN",NA,Indiana,IN,Single Family Residential,6,399995,0.09139154161,-0.02440243902,426500,0.06638996368,0.1605679027,162.058371736,0.01034047855,0.01051138769,168.883889072,0.004398839519,0.05361712717,151,0.4803921569,0.1268656716,129,-0.04444444444,-0.1886792453,140,-0.03448275862,0.1570247934,179,0.1329113924,0.2094594595,1.2,-0.3,0.1,16,-5,3,0.991991152,0.006295323463,-0.00970791615,0.2119205298,0.01584209843,-0.07166155975,0.3575418994,-0.022204936,-0.2167824249,0.4728682171,-0.06787252369,0.0389059529,"Indianapolis, IN",26900,2026-04-14 14:25:48.665 Z,2024,5,Boone,mid_luxury,suburb,7.06,104865,72827,155,113,11,290000,451600,1490000,279,4.06,2141.8514404969583,0.24509814796131693,0,1,1,1,202405,1,3.830996745712442
2022-05-01,2022-05-31,30,county,5,842,FALSE,"Hamilton County, IN",NA,Indiana,IN,Single Family Residential,6,426750,0.066875,0.182132964,400000,-0.02415223225,0.1428571429,159.886788636,0.009144907028,0.1887355855,155.515673606,0.01351530237,0.1408930089,692,0.3256704981,-0.02808988764,797,0.3001631321,0.09478021978,713,0.09355828221,0.161237785,446,0.08515815085,0.1893333333,0.6,-0.2,0.1,4,0,0,1.043566557,0.001768447978,0.01857722885,0.6228323699,0.01172125883,0.08772001039,0.2623318386,0.1236457072,0.07299850523,0.7503136763,0.02111302376,0.0154235664,"Indianapolis, IN",26900,2026-04-14 14:25:48.665 Z,2022,5,Hamilton,mid_luxury,suburb,5.23,117957,357176,1481,1497,68,283000,500895,1250000,3046,2.2300000000000004,1880.9965451429684,0.1913575162280799,0,1,1,1,202205,2,8.528008600801845
2021-08-01,2021-08-31,30,county,5,862,FALSE,"Marion County, IN",NA,Indiana,IN,Single Family Residential,6,210200,-0.04411095953,0.1362162162,203129,-0.009126829268,0.1525049645,113.854800656,-0.02462357941,0.1702293424,114.976993865,0.0136169405,0.139747737,1543,-0.02217997465,0.0722724114,1758,0.0752293578,0.03962152572,1592,-0.05687203791,0.06275033378,1483,-0.00201884253,-0.06729559748,1,0.1,-0.1,5,0,-1,1.012676432,-0.004128714308,0.0195387338,0.5100453662,-0.008966040674,0.166056485,0.4120026972,0.02573082644,-0.01755705119,0.6615472127,-0.01735186983,0.04711788099,"Indianapolis, IN",26900,2026-04-14 14:25:48.665 Z,2021,8,Marion,entry,metro,2.84,63450,971822,2140,183,13,179900,475000,1410000,2336,-0.16000000000000014,694.5411971991964,0.1313553091629686,0,0,0,0,202108,5,2.40373237074279
2022-10-01,2022-10-31,30,county,5,842,FALSE,"Hamilton County, IN",NA,Indiana,IN,Single Family Residential,6,425000,0.04966003364,0.1521533747,399900,-0.04763038819,0.1108333333,160.388533294,-0.001008564058,0.1193431324,158.105212664,-0.02173176262,0.1229940941,524,-0.122278057,-0.2132132132,518,-0.0615942029,-0.2314540059,438,-0.2315789474,-0.2261484099,800,-0.029126213589999998,1.209944751,1.5,0.1,1,10,0,5,0.9944611467,-0.00354543166,-0.02369417576,0.2729007634,-0.0235816487,-0.2676397772,0.4575,0.04245145631,0.2088812155,0.4343629344,-0.08737619607,-0.2229070953,"Indianapolis, IN",26900,2026-04-14 14:25:48.665 Z,2022,10,Hamilton,mid_luxury,suburb,6.9,117957,357176,573,771,48,295000,485990,1299000,1392,3.9000000000000004,2239.240450797951,0.2278023806096748,0,1,1,1,202210,2,3.897238336282393
2021-04-01,2021-04-30,30,county,5,862,FALSE,"Marion County, IN",NA,Indiana,IN,Single Family Residential,6,196000,0.05945945946,0.12,199900,0.02512820513,0.1167597765,109.523260538,0.04824921607,0.1720723956,113.549767819,0.02699456672,0.1365453432,1351,0.06043956044,0.2417279412,1673,0.09132420091,0.2829754601,1636,0.2831372549,0.5036764706,1204,0.2386831276,-0.3235955056,0.9,0.1,-0.7,5,-5,-5,1.0047684,0.009411494345,0.02390230108,0.4641006662,0.09361400997,0.2012330191,0.2832225914,-0.06039880781,-0.02239538617,0.6575014943,0.009751983558,0.151366525,"Indianapolis, IN",26900,2026-04-14 14:25:48.665 Z,2021,4,Marion,entry,metro,3.06,63450,971822,1950,167,10,163000,480000,1975000,2127,0.06000000000000005,666.1598902684332,0.12598768610277697,0,0,0,0,202104,5,2.188672411202875
2025-09-01,2025-09-30,30,county,5,819,FALSE,"Boone County, IN",NA,Indiana,IN,Single Family Residential,6,402250,-0.04280317678,-0.006790123457,399950,1.250312578e-4,0.02551282051,173.16017316,-0.04215108521,-0.004644990046,183.845702316,0.04996323323,0.08167577969,86,-0.3008130081,-0.1962616822,132,0.2571428571,0.1785714286,109,0.0380952381,0.06862745098,235,-0.06746031746,0.3823529412,2.7,0.7,1.1,42,23,13,0.9727884372,-0.01453562042,-0.009633683801,0.08139534884,-0.129986765,-0.1242121278,0.4212765957,0.08397500844,-0.03166458073,0.3560606061,0.02272727273,-0.02786796537,"Indianapolis, IN",26900,2026-04-14 14:25:48.665 Z,2025,9,Boone,mid_luxury,suburb,6.35,104865,72827,122,85,13,270000,480000,1280000,220,3.3499999999999996,2002.354500151994,0.22913511659585112,0,1,1,1,202509,1,3.020857648948879
2023-07-01,2023-07-31,30,county,5,845,FALSE,"Hendricks County, IN",NA,Indiana,IN,Single Family Residential,6,334495,-0.01328908555,0.004489489489,342000,-0.02282922369,0.05230769231,152.073769367,-0.04665009212,-0.01660209722,154.908675799,-0.02954270749,0.03816603806,210,-0.03225806452,-0.2222222222,243,0.0253164557,-0.213592233,238,-0.1282051282,-0.2093023256,293,0.03169014085,-0.1094224924,1.4,0.1,0.2,7,0,2,0.9984829472,-0.002528714327,-0.01825146491,0.3047619048,-0.05929339478,-0.2137566138,0.4675767918,0.06264721434,-0.05521956077,0.5432098765,-0.02219096734,-0.09433057653,"Indianapolis, IN",26900,2026-04-14 14:25:48.665 Z,2023,7,Hendricks,entry,suburb,6.84,99988,179379,297,146,0,285000,450000,0,443,3.84,1751.6616216856185,0.21022462155686103,0,1,1,1,202307,3,2.4696313392314595
2022-04-01,2022-04-30,30,county,5,854,FALSE,"Johnson County, IN",NA,Indiana,IN,Single Family Residential,6,277000,-0.04647160069,0.108,299900,0.02705479452,0.200080032,150.716454697,-0.009540086361,0.1762436356,147.405966991,0.008767447395,0.1577510324,227,0.02252252252,-0.08835341365,286,0.07518796992,-0.003484320557,290,0.218487395,0.09433962264,174,0.3082706767,0.2794117647,0.8,0.2,0.3,4,-1,0,1.028455532,0.01338556785,0.0205137645,0.5991189427,0.08560542922,0.1412876174,0.2413793103,0.01581540057,0.01343813387,0.7447552448,0.04174772596,-0.004373675105,"Indianapolis, IN",26900,2026-04-14 14:25:48.665 Z,2022,4,Johnson,entry,suburb,4.98,87227,163983,322,76,1,239000,425637,1837500,399,1.9800000000000004,1186.8895411322892,0.16328286532366665,0,0,1,0,202204,4,2.433179049047767
2023-07-01,2023-07-31,30,county,5,862,FALSE,"Marion County, IN",NA,Indiana,IN,Single Family Residential,6,250000,0,0,242000,-0.01224489796,0.05217391304,137.69123783,0.001390820584,0.04399225514,134.963768116,-0.02924758081,0.02635094838,1013,-0.1371379898,-0.2680635838,1153,-0.1117103236,-0.2343957503,1181,-0.1179985063,-0.2482495226,1613,0.07533333333,-0.104386452,1.6,0.3,0.3,8,0,3,0.991964056,-0.006256115104,-0.01764727785,0.3474827246,-0.0494508359,-0.1402340384,0.4228146311,8.146311221e-4,-0.02804600186,0.5411968777,-0.04277846898,-0.05774070529,"Indianapolis, IN",26900,2026-04-14 14:25:48.665 Z,2023,7,Marion,entry,metro,6.84,63450,971822,1401,187,10,204200,479900,1925000,1598,3.84,1309.18371103127,0.24759975622340802,0,1,0,0,202307,5,1.6443340447118917
2024-01-01,2024-01-31,30,county,5,842,FALSE,"Hamilton County, IN",NA,Indiana,IN,Single Family Residential,6,433343,-0.01512954545,0.03423150358,420000,0.05263157895,0.0243902439,163.276231263,-0.009699850417,0.0816491156,175.865800866,0.00463382103,0.0670995671,305,-0.1184971098,-0.06727828746,404,0.2664576803,-0.08597285068,310,0.5979381443,0.009771986971,500,-0.1087344029,0.04166666667,1.6,0,0.1,35,4,3,0.9792283097,-0.001978952979,-0.001587550385,0.1147540984,-8.528380555e-4,-0.03509299644,0.346,0.06792513369,0.021,0.3391089109,0.103999193,-0.02514448277,"Indianapolis, IN",26900,2026-04-14 14:25:48.665 Z,2024,1,Hamilton,mid_luxury,suburb,6.64,117957,357176,820,779,64,264600,529995,1300000,1663,3.6399999999999997,2223.233659624245,0.22617397793679847,0,1,1,1,202401,2,4.6559679261764515
2021-01-01,2021-01-31,30,county,5,854,FALSE,"Johnson County, IN",NA,Indiana,IN,Single Family Residential,6,229500,-0.03773584906,0.2679558011,237000,-0.01208837015,0.15666178620000001,120.679245283,0.0118954717,0.2501099517,119.230769231,0.003077414279,0.1051759833,155,-0.4636678201,0.09154929577,208,-0.0234741784,-0.009523809524,138,-0.1976744186,-0.1736526946,130,-0.2613636364,-0.5987654321,0.8,0.2,-1.5,6,-1,-35,0.9918548686,-0.001941299292,0.01623775975,0.2967741935,0.01649737694,0.1981826443,0.3692307692,0.08513986014,0.02046533713,0.5336538462,0.01722192127,0.1431776557,"Indianapolis, IN",26900,2026-04-14 14:25:48.665 Z,2021,1,Johnson,entry,suburb,2.74,87227,163983,457,38,2,192000,460000,1199000,497,-0.2599999999999998,748.5586669020117,0.10298077433391198,0,0,1,0,202101,4,3.0308019733752887
2021-09-01,2021-09-30,30,county,5,854,FALSE,"Johnson County, IN",NA,Indiana,IN,Single Family Residential,6,272500,-0.04385964912,0.2140788594,269000,-0.04761904762,0.150802139,135.829662261,0.0217831927,0.1975219095,138.972545438,0.03062752294,0.2278135392,291,-0.03642384106,-0.06730769231,271,-0.2052785924,-0.3501199041,241,-0.1299638989,-0.05490196078,175,-0.05405405405,-0.1745283019,0.6,0,-0.1,5,0,-1,1.008651235,-0.004377327226,0.01186867212,0.4432989691,-0.06994606404,0.0875297383,0.3085714286,-0.1076447876,-0.1112398922,0.6900369004,-0.01377541635,0.2511879795,"Indianapolis, IN",26900,2026-04-14 14:25:48.665 Z,2021,9,Johnson,entry,suburb,2.9,87227,163983,612,132,4,230000,448000,1310000,748,-0.10000000000000009,907.3813567037523,0.12483034244494282,0,0,1,0,202109,4,4.56144844282639
2025-07-01,2025-07-31,30,county,5,862,FALSE,"Marion County, IN",NA,Indiana,IN,Single Family Residential,6,265000,0.03921568627,0.02254223292,250000,-0.05660377358,0,148.177496038,0.03710358095,0.04297936392,143,-0.01497632989,0.004925490196,961,-0.08996212121,-0.08213944604,1157,0.0149122807,0.00259965338,1213,-0.05896043445,0.03058623619,2484,0.02222222222,0.2463622679,2.6,0.3,0.7,14,0,2,0.9829005745,1.402514639e-4,-0.007431032417,0.2351716961,-0.02619194021,-0.06473279287,0.4738325282,0.04749507962,0.01673267871,0.404494382,-0.07796175833,-0.06257667517,"Indianapolis, IN",26900,2026-04-14 14:25:48.665 Z,2025,7,Marion,entry,metro,6.72,63450,971822,1333,254,11,200000,469945.5,1450000,1598,3.7199999999999998,1370.8029946522986,0.25925352144724323,0,1,0,0,202507,5,1.6443340447118917
2025-03-01,2025-03-31,30,county,5,819,FALSE,"Boone County, IN",NA,Indiana,IN,Single Family Residential,6,430000,0.09707870902,0.2078821332,454799,0.1026766881,0.1968473477,169.008264463,0.04012441004,0.0852318911,183.846153846,0.0613376116,0.1195355734,72,0.2,-0.2871287129,112,0.417721519,0.009009009009,107,0.2588235294,0.1505376344,164,0.05806451613,0.2330827068,2.3,-0.3,1,13,-27,-13,0.9883096994,3.921617557e-4,0.001107989018,0.2361111111,0.05277777778,0.1073982398,0.2743902439,0.067938631,-0.003805244819,0.4821428571,0.03910488246,0.1217824968,"Indianapolis, IN",26900,2026-04-14 14:25:48.665 Z,2025,3,Boone,mid_luxury,suburb,6.65,104865,72827,107,90,9,300000,550000,1310000,206,3.6500000000000004,2208.3591598387356,0.2527088153155469,0,1,1,1,202503,1,2.8286212531066774
2023-03-01,2023-03-31,30,county,5,845,FALSE,"Hendricks County, IN",NA,Indiana,IN,Single Family Residential,6,310000,-0.01352426412,-0.06060606061,321497.5,0.008145186579,0.004695385865,149.665222529,-0.006780128509,0.02830520527,155.993621133,-0.002065212276,0.07178574882,193,0.4191176471,-0.09389671362,219,0.1587301587,-0.1978021978,194,0.1757575758,-0.2145748988,203,0.009950248756,0.237804878,1.1,-0.4,0.3,14,-26,10,0.9888636509,0.01034861578,-0.03166797752,0.2901554404,0.106331911,-0.2544454986,0.3349753695,0.006617160503,0.1581461012,0.5388127854,0.01500326158,-0.1498319033,"Indianapolis, IN",26900,2026-04-14 14:25:48.665 Z,2023,3,Hendricks,entry,suburb,6.54,99988,179379,284,111,5,251000,445000,1250000,400,3.54,1574.0582748678792,0.18890966214360272,0,1,1,1,202303,3,2.2299154304572997
2023-11-01,2023-11-30,30,county,5,819,FALSE,"Boone County, IN",NA,Indiana,IN,Single Family Residential,6,339995,-0.1380540778,-0.1052763158,375000,0.1029573964,-0.01445466491,163.665213749,0.04480624516,0.0184837623,163.89910600300001,-9.75105793e-4,-0.006083446068,127,0.27,0.2828282828,83,-0.2719298246,0.05063291139,97,0.2435897436,0.7636363636,184,0.15,-0.01075268817,1.4,-0.2,-0.5,23,-5,12,0.9864258537,0.00586070821,0.003713926368,0.1181102362,-0.00188976378,-0.0839099658,0.3097826087,-0.3152173913,-0.09344319776,0.3614457831,0.08074402875,-0.03095928016,"Indianapolis, IN",26900,2026-04-14 14:25:48.665 Z,2023,11,Boone,entry,suburb,7.44,104865,72827,127,78,8,286360,437272.5,1332479.5,213,4.44,1890.673029549356,0.2163550884908432,0,1,1,1,202311,1,2.924739451027778
2021-08-01,2021-08-31,30,county,5,819,FALSE,"Boone County, IN",NA,Indiana,IN,Single Family Residential,6,342000,-0.1407035176,0.09957238852,329950,-0.09590354843,0.08215808462,133.322831484,-0.06357993472,0.1158408583,139.44248671,0.04409198118,0.1957804825,146,0.08148148148,-0.006802721088,152,-0.05,0.1094890511,135,-0.1717791411,0.3235294118,121,-0.032,-0.2666666667,0.8,-0.1,-0.3,5,0,-10,1.006399816,-0.009236313529,0.0211729061,0.4794520548,0.04241501776,0.2209486534,0.3719008264,0.1159008264,0.04462809917,0.6052631579,-0.06348684211,0.1527084134,"Indianapolis, IN",26900,2026-04-14 14:25:48.665 Z,2021,8,Boone,entry,suburb,2.84,104865,72827,177,85,8,255000,490000,1685245.5,270,-0.16000000000000014,1130.0337271271417,0.12931297120608115,0,0,1,0,202108,1,3.7074162055281694
2023-08-01,2023-08-31,30,county,5,842,FALSE,"Hamilton County, IN",NA,Indiana,IN,Single Family Residential,6,450010,-0.05261052632,0.09758536585,429995,0.01175294118,0.07646764301,164.188846067,-0.004378201247,0.01936552193,170.307976157,0.02892800376,0.06475552702,519,0.01964636542,-0.1865203762,531,0.02312138728,-0.2489391796,514,0.07531380753,-0.1183533448,605,0.05034722222,-0.1678129298,1.2,0.1,0.1,9,0,2,0.9952285965,-0.001492357581,-0.008770019374,0.289017341,-0.02335986918,-0.06364723576,0.5140495868,0.081757920110000007,0.04499869269,0.4990583804,-0.06356204348,-0.02710852199,"Indianapolis, IN",26900,2026-04-14 14:25:48.665 Z,2023,8,Hamilton,mid_luxury,suburb,7.07,117957,357176,371,473,35,290000,499900,1400000,879,4.07,2412.090657114039,0.24538677556540492,0,1,1,1,202308,2,2.460971621833494
2021-06-01,2021-06-30,30,county,5,854,FALSE,"Johnson County, IN",NA,Indiana,IN,Single Family Residential,6,260000,-0.03525046382,0.1888431642,266375,0.005188679245,0.2107954545,131.188313171,0.007063227574,0.1955737571,130.728422315,0.01432114197,0.1490809396,337,0.2210144928,0.2813688213,349,0.1594684385,0.01453488372,324,0.296,0.1955719557,157,0.1804511278,-0.374501992,0.5,0,-0.5,4,0,-6,1.023796914,0.002555360656,0.03231602517,0.5459940653,0.01338536963,0.2608229626,0.2993630573,0.08131794454,-0.1548202096,0.7478510029,0.00698721549,0.12575797960000001,"Indianapolis, IN",26900,2026-04-14 14:25:48.665 Z,2021,6,Johnson,entry,suburb,2.98,87227,163983,456,78,3,231691,445190,1070000,537,-0.020000000000000018,874.6943950046575,0.12033352906847523,0,0,1,0,202106,4,3.2747296975906037
2023-12-01,2023-12-31,30,county,5,842,FALSE,"Hamilton County, IN",NA,Indiana,IN,Single Family Residential,6,440000,0.02564102564,0.05389221557,399000,-0.07208223351,-0.04988123515,164.875498941,-0.003731027679,0.06656415449,175.054629044,-6.615037345e-4,0.09582005354,346,-0.08222811671,-0.2851239669,319,-0.1014084507,-0.1627296588,194,-0.4756756757,-0.2651515152,561,-0.1651785714,-0.06965174129,1.6,-0.2,0.4,31,10,5,0.9812072627,-0.00339802771,-0.003663260546,0.1156069364,-0.04619677711,-0.04555008838,0.2780748663,-0.1415679908,-0.07847571412,0.2351097179,-0.1057353526,-0.1218456627,"Indianapolis, IN",26900,2026-04-14 14:25:48.665 Z,2023,12,Hamilton,mid_luxury,suburb,6.82,117957,357176,306,325,27,291840,502186,1400000,658,3.8200000000000003,2299.4680488311205,0.23392945383464692,0,1,1,1,202312,2,1.8422290411449818
2022-11-01,2022-11-30,30,county,5,854,FALSE,"Johnson County, IN",NA,Indiana,IN,Single Family Residential,6,277500,-0.04310344828,-0.02631578947,300000,0.1113169105,0.09090909091,145.302831606,-0.03373616982,0.04093995757,144.572953737,-0.03052838198,0.04092183455,182,-0.2384937238,-0.3,169,-0.1796116505,-0.3763837638,159,-0.1631578947,-0.2933333333,347,-0.02253521127,1.210191083,1.9,0.4,1.3,16,3,12,0.9856537604,0.002637739877,-0.0282335736,0.1813186813,-0.04462274128,-0.310989011,0.4812680115,-0.0623939603,0.1054718332,0.3136094675,-0.1427012122,-0.3764274329,"Indianapolis, IN",26900,2026-04-14 14:25:48.665 Z,2022,11,Johnson,entry,suburb,6.81,87227,163983,227,58,0,243000,472842.5,0,285,3.8099999999999996,1448.7529963067252,0.19930796606189255,0,1,1,1,202211,4,1.7379850350341193
2025-01-01,2025-01-31,30,county,5,819,FALSE,"Boone County, IN",NA,Indiana,IN,Single Family Residential,6,411000,-0.03753834625,0.1337931034,397850,0.1036214095,0.1051542383,162.877322155,-0.062355597,0.06240178646,169.95821727,-0.06713159232,0.09688073732,52,-0.3246753247,-0.1034482759,65,-0.01515151515,-0.3367346939,55,0.05769230769,-0.3452380952,135,-0.04255319149,-0.1401273885,2.6,0.8,-0.1,37,0,-13,0.9842799143,0.00561564479,0.009231924392,0.09615384615,-0.03371628372,0.009946949602,0.2962962963,-0.02285263987,0.01604151923,0.2615384615,-0.01118881119,-0.01397174254,"Indianapolis, IN",26900,2026-04-14 14:25:48.665 Z,2025,1,Boone,mid_luxury,suburb,6.96,104865,72827,75,47,8,225000,475000,1487500,130,3.96,2178.688905311542,0.24931356376043964,0,1,1,1,202501,1,1.7850522471061556
2022-11-01,2022-11-30,30,county,5,845,FALSE,"Hendricks County, IN",NA,Indiana,IN,Single Family Residential,6,330000,0.003039513678,0.06729626365,320000,0.06490070633,0.03259115844,147.159479808,-0.01969146528,0.113102063,153.81081908,-0.004679097813,0.06463702729,231,0.06451612903,-0.1115384615,215,-0.1468253968,-0.118852459,172,-0.1485148515,-0.08021390374,312,-0.08235294118,0.5918367347,1.4,-0.2,0.6,19,5,14,0.9884225476,-0.003200188743,-0.02178779373,0.2121212121,-0.06437648373,-0.260955711,0.4967948718,-0.03261689291,0.04271323914,0.3906976744,-0.04184200812,-0.1502859321,"Indianapolis, IN",26900,2026-04-14 14:25:48.665 Z,2022,11,Hendricks,entry,suburb,6.81,99988,179379,335,171,0,269000,439165,0,506,3.8099999999999996,1722.841401013403,0.20676578001521015,0,1,1,1,202211,3,2.820843019528484
2021-01-01,2021-01-31,30,county,5,845,FALSE,"Hendricks County, IN",NA,Indiana,IN,Single Family Residential,6,240000,-0.02040816327,0.08597285068,269950,0.1247916667,0.1332913518,115.389476565,0.01541426898,0.1210394963,122.115100305,0.02344346084,0.1189303793,168,-0.4716981132,0.1666666667,215,-0.06113537118,-0.06926406926,152,-0.07317073171,-0.1555555556,126,-0.2075471698,-0.6025236593,0.8,0.3,-1.4,7,0,-22,0.9922449493,0.00123895516,0.0113805225,0.3035714286,0.04885444744,0.1785714286,0.3968253968,0.1200958371,0.02774022332,0.5488372093,0.01171930537,0.2328198933,"Indianapolis, IN",26900,2026-04-14 14:25:48.665 Z,2021,1,Hendricks,entry,suburb,2.74,99988,179379,382,35,1,234072,435000,1734250,418,-0.2599999999999998,782.8064490478554,0.09394804765146081,0,0,1,0,202101,3,2.3302616248278785
2025-11-01,2025-11-30,30,county,5,819,FALSE,"Boone County, IN",NA,Indiana,IN,Single Family Residential,6,395000,-0.007537688442,0.06785617735,357447.5,-0.04424524392,-0.10638125,181.711606096,0.07826086957,0.08273412436,182.271361274,0.06650897253,0.03219215218,109,-0.07627118644,0.1978021978,111,-0.1395348837,0.3058823529,90,-0.224137931,0.3235294118,213,-0.06986899563,0.4489795918,2,0.1,0.4,32,3,9,0.9815425028,-5.444122047e-4,-0.01026726573,0.1009174312,-0.06009951796,-0.04193971166,0.3521126761,-0.1326034811,0.05959566925,0.2792792793,-0.007542426147,-0.003073661897,"Indianapolis, IN",26900,2026-04-14 14:25:48.665 Z,2025,11,Boone,mid_luxury,suburb,6.24,104865,72827,101,76,13,307000,492495,1600000,190,3.24,1943.6116103287982,0.22241300075283058,0,1,1,1,202511,1,2.6089225150013045
2025-03-01,2025-03-31,30,county,5,845,FALSE,"Hendricks County, IN",NA,Indiana,IN,Single Family Residential,6,354000,0.05621983694,0.02017291066,363000,0.03714285714,0.03714582042,155.937031822,0.01130451401,0.04043232707,159.95810224,-0.002324912958,0.00779626068,224,0.4,0.04186046512,271,0.1106557377,0.08835341365,265,0.5773809524,0.1471861472,375,0.08069164265,0.2376237624,1.7,-0.5,0.3,34,-20,3,0.9845902276,0.008940211156,-6.937626568e-4,0.1875,0.14375,0.006104651163,0.3386666667,0.05336407301,-0.123379538,0.4206642066,0.0723035509,-0.05724743994,"Indianapolis, IN",26900,2026-04-14 14:25:48.665 Z,2025,3,Hendricks,entry,suburb,6.65,99988,179379,306,181,1,272000,450000,1056719,488,3.6500000000000004,1818.04451763468,0.21819152509917347,0,1,1,1,202503,3,2.720496825157906
2024-04-01,2024-04-30,30,county,5,845,FALSE,"Hendricks County, IN",NA,Indiana,IN,Single Family Residential,6,349900,0.008357348703,0.06433460076,360000,0.02857436736,0.09123976963,156.914634146,0.04695501799,0.02851684215,163.575042159,0.03058434377,0.0329978694,209,-0.02790697674,0.1875,246,-0.01204819277,0.08370044053,252,0.09090909091,0.3193717277,341,0.1254125413,0.7222222222,1.6,0.2,0.5,17,-14,6,0.9905002753,0.005216285044,0.006100780477,0.2200956938,0.03870034494,0.0269138756,0.4574780059,-0.004568198755,0.1443466927,0.4390243902,-0.03888725634,-0.1380681208,"Indianapolis, IN",26900,2026-04-14 14:25:48.665 Z,2024,4,Hendricks,entry,suburb,6.99,99988,179379,419,201,0,289990,465000,0,620,3.99,1860.4351906996703,0.22327901636592434,0,1,1,1,202404,3,3.456368917208815
2024-06-01,2024-06-30,30,county,5,854,FALSE,"Johnson County, IN",NA,Indiana,IN,Single Family Residential,6,340000,0.02409638554,0.1352253756,316500,-0.02615384615,0.02129719264,155.173123915,0.004307565666,0.01896898664,161.08282679,0.02026557263,0.04488335257,221,-0.0474137931,-0.0474137931,227,-0.1269230769,-0.05809128631,224,-0.1942446043,-0.08196721311,381,0.03532608696,0.3607142857,1.7,0.1,0.5,13,0,6,0.9810465127,-0.005165290217,-0.008834408445,0.1809954751,-0.0862459042,-0.09486659385,0.4041994751,0.04006904028,-0.1100862392,0.5110132159,0.01101321586,-0.0781984024,"Indianapolis, IN",26900,2026-04-14 14:25:48.665 Z,2024,6,Johnson,entry,suburb,6.92,87227,163983,237,90,0,247000,464500,0,327,3.92,1795.0325072220774,0.24694635934590123,0,1,1,1,202406,4,1.9941091454602002
2025-03-01,2025-03-31,30,county,5,862,FALSE,"Marion County, IN",NA,Indiana,IN,Single Family Residential,6,254000,0.03673469388,0.02460669625,245000,0.02854743913,-0.05732974221,140.199637024,0.02298748394,0.03645200661,143.909191584,0.0300799562,0.01517672189,885,0.3532110092,-0.06940063091,1270,0.2932790224,0.01762820513,1180,0.3673232908,0.04240282686,1865,0.01358695652,0.246657754,2.1,-0.7,0.5,25,-24,3,0.9833841199,0.008097150903,0.001119236039,0.2225988701,0.08039703519,-0.01820028872,0.3844504021,0.05510257606,0.05223115081,0.4598425197,0.0962987315,-0.0617920957,"Indianapolis, IN",26900,2026-04-14 14:25:48.665 Z,2025,3,Marion,entry,metro,6.65,63450,971822,1393,175,9,199000,475000,1600000,1577,3.6500000000000004,1304.4726199977647,0.24670876973952996,0,1,0,0,202503,5,1.622725149255728
2023-02-01,2023-02-28,30,county,5,862,FALSE,"Marion County, IN",NA,Indiana,IN,Single Family Residential,6,230000,0.06382978723,0.03139013453,227900,0.01288888889,0.03590909091,125.569833731,0.04089377067,0.03874156903,133.015972346,8.969977137e-4,0.08684860075,746,0.2817869416,-0.2532532533,1035,9.671179884e-4,-0.1502463054,825,0.04166666667,-0.1251325557,1414,-0.09184328838,0.728606357,1.9,-0.8,1.1,41,10,30,0.9732918693,0.006244617873,-0.02964041574,0.1782841823,0.01849036787,-0.2421362381,0.3352192362,-0.05848660836,0.09927791592,0.4434782609,0.1514086284,-0.1657171414,"Indianapolis, IN",26900,2026-04-14 14:25:48.665 Z,2023,2,Marion,entry,metro,6.26,63450,971822,1077,115,6,180000,435000,1512500,1198,3.26,1134.1166235689418,0.21449014157332233,0,1,0,0,202302,5,1.2327360360230577
2024-09-01,2024-09-30,30,county,5,819,FALSE,"Boone County, IN",NA,Indiana,IN,Single Family Residential,6,405000,0,0.03056057406,390000,-0.0487804878,0.1142873061,173.968253968,0.05430284706,0.07361716857,169.963778211,-0.01629454781,0.06953399163,107,-0.08547008547,0.05940594059,112,0.009009009009,0.07692307692,102,-0.009708737864,0.0625,170,-0.01162790698,-0.06593406593,1.6,0.1,-0.2,29,2,10,0.982422121,0.006802946086,-0.00803270804,0.2056074766,0.05176132279,0.007587674655,0.4529411765,0.01689466484,-0.05255332902,0.3839285714,-0.003458815959,0.008928571429,"Indianapolis, IN",26900,2026-04-14 14:25:48.665 Z,2024,9,Boone,mid_luxury,suburb,6.18,104865,72827,105,82,7,280000,480000,2100000,194,3.1799999999999997,1980.1965006469115,0.22659951373444848,0,1,1,1,202409,1,2.663847199527648
2021-12-01,2021-12-31,30,county,5,842,FALSE,"Hamilton County, IN",NA,Indiana,IN,Single Family Residential,6,380000,0.03766307353,0.1801242236,339900,-0.02885714286,0.04616805171,144.356955381,0.03243281383,0.1851018623,147.827743902,0.02710716463,0.1553817827,606,-0.09145427286,-0.06336939722,373,-0.3279279279,-0.1325581395,259,-0.3803827751,-0.1931464174,251,-0.1284722222,-0.479253112,0.4,0,-0.3,5,0,-6,1.014789314,0.00211972832,0.02299338695,0.4785478548,0.001786235595,0.2250702659,0.1593625498,-0.1288318946,-0.1124216826,0.5147453083,-0.1068763133,0.1170708897,"Indianapolis, IN",26900,2026-04-14 14:25:48.665 Z,2021,12,Hamilton,entry,suburb,3.1,117957,357176,756,479,22,278015,480000,1267500,1257,0.10000000000000009,1298.1298526702628,0.13206132940006235,0,0,1,0,202112,2,3.5192734114274193
2023-10-01,2023-10-31,30,county,5,862,FALSE,"Marion County, IN",NA,Indiana,IN,Single Family Residential,6,235000,0,0.02218355807,230000,-0.04126719466,0.02222222222,130.554283097,-0.009845516283,0.02308104851,133.942161339,3.565992607e-4,0.03913565405,863,-0.05268935236,-0.1780952381,1059,0.01242829828,-0.1425101215,1066,-0.09353741497,-0.1226337449,2119,0.03567937439,0.02169720347,2.5,0.3,0.5,17,3,3,0.9822752145,-0.004663295692,0.002841988591,0.2387022016,-0.04120998279,-0.009869226949,0.4992921189,0.0256850808,0.004595879773,0.4107648725,-0.02613761314,-0.04672500602,"Indianapolis, IN",26900,2026-04-14 14:25:48.665 Z,2023,10,Marion,entry,metro,7.62,63450,971822,1335,154,9,187500,490000,1802274,1498,4.62,1330.0056595912347,0.25153771339786946,0,1,0,0,202310,5,1.5414345425396834
2025-04-01,2025-04-30,30,county,5,842,FALSE,"Hamilton County, IN",NA,Indiana,IN,Single Family Residential,6,466500,0.01825436496,0.04831460674,450000,2.222716159e-4,1.111234582e-4,174.85411796,0.01594100312,0.0111780688,176.567656766,-0.02428206383,0.0330265633,486,0.1020408163,0.0103950104,589,-0.03442622951,0.003407155026,622,0.1127012522,0.03839732888,708,0.1683168317,0.1959459459,1.5,0.1,0.3,11,-10,0,0.9938984041,0.002959674011,-0.005121468173,0.2839506173,0.05719324767,-0.009188675855,0.2937853107,0.02810874308,-0.07276874332,0.5653650255,0.03093879596,-0.02747994898,"Indianapolis, IN",26900,2026-04-14 14:25:48.665 Z,2025,4,Hamilton,mid_luxury,suburb,6.73,117957,357176,913,1084,130,296000,513939,1390000,2127,3.7300000000000004,2415.608692384648,0.2457446722841016,0,1,1,1,202504,2,5.955047371603915
2025-12-01,2025-12-31,30,county,5,845,FALSE,"Hendricks County, IN",NA,Indiana,IN,Single Family Residential,6,349900,-0.03582254064,0.02087557805,355000,0,0.04412532445,154.467680608,-0.07319391635,-0.02075100362,163.834126445,-0.001347101118,0.02729734926,225,0.2430939227,0.09223300971,166,-0.2350230415,0.09210526316,101,-0.4261363636,-0.1293103448,458,-0.1502782931,0.07511737089,2,-1,-0.1,44,17,11,0.9783996065,-0.002228611804,-0.003097606767,0.1244444444,0.01947206875,0.01279395901,0.2772925764,-0.07892263694,0.02846628534,0.2168674699,-0.04580534118,-0.06602726696,"Indianapolis, IN",26900,2026-04-14 14:25:48.665 Z,2025,12,Hendricks,entry,suburb,6.19,99988,179379,213,117,7,290000,460000,1070000,337,3.1900000000000004,1712.6071603431749,0.20553752374403025,0,1,1,1,202512,3,1.8787037501602752
2022-06-01,2022-06-30,30,county,5,862,FALSE,"Marion County, IN",NA,Indiana,IN,Single Family Residential,6,249000,0,0.1581395349,239900,0.02085106383,0.1429252025,135.467980296,9.741020167e-4,0.1627668309,129.151291513,-0.01541966389,0.1433152832,1478,0.08756438558,-0.1128451381,1698,0.02166064982,-0.01679212507,1840,0.1772232885,0.128142244,1589,0.3581196581,0.2571202532,1.1,0.2,0.3,5,1,1,1.020950281,-0.008339313263,0.001093296597,0.551420839,-0.01885142004,0.005202351577,0.4008810573,0.0342143906,0.006893715497,0.6831566549,-0.04127174463,-0.01342701622,"Indianapolis, IN",26900,2026-04-14 14:25:48.665 Z,2022,6,Marion,entry,metro,5.52,63450,971822,2033,290,22,205000,470000,1312500,2345,2.5199999999999996,1133.5365748030858,0.2143804396790706,0,1,0,0,202206,5,2.412993325938289
2022-04-01,2022-04-30,30,county,5,842,FALSE,"Hamilton County, IN",NA,Indiana,IN,Single Family Residential,6,400000,-8.367991807e-4,0.1404247797,409900,0.05917312661,0.1711428571,158.437888873,0.03449211578,0.1851475551,153.441860465,-0.006812684989,0.1880595985,522,0.05668016194,-0.1226890756,613,-0.001628664495,-0.1317280453,652,0.1642857143,0.04823151125,411,0.4574468085,0.03526448363,0.8,0.2,0.1,4,0,0,1.041798109,0.009574551644,0.0270001991,0.6111111111,0.04430949168,0.1186741363,0.1386861314,-0.03861883315,-0.08045744544,0.7292006525,0.01421693917,0.05356325876,"Indianapolis, IN",26900,2026-04-14 14:25:48.665 Z,2022,4,Hamilton,mid_luxury,suburb,4.98,117957,357176,1344,1251,64,275475,490000,1270000,2659,1.9800000000000004,1713.9199149924752,0.1743604786482337,0,0,1,0,202204,2,7.444509149550921
2022-10-01,2022-10-31,30,county,5,819,FALSE,"Boone County, IN",NA,Indiana,IN,Single Family Residential,6,376340,0.07694949206,0.1134319527,317000,-0.1067906453,0.02588996764,157.701832349,-0.02857643729,0.1220973641,156.52173913,-0.005217391304,0.1100181017,114,-0.1297709924,-0.05785123967,103,-0.009615384615,-0.2746478873,98,0,-0.04854368932,216,0.004651162791,1.018691589,1.9,0.3,1,12,-4,7,0.9918553854,-0.003795335253,-0.007711345618,0.2807017544,0.0516941208,-0.09119907206,0.6018518519,0.1227820844,0.3027864313,0.4563106796,-0.02445855116,-0.1352386162,"Indianapolis, IN",26900,2026-04-14 14:25:48.665 Z,2022,10,Boone,entry,suburb,6.9,104865,72827,116,100,3,280000,448635.5,1450000,219,3.9000000000000004,1982.8605911842374,0.2269043731865813,0,1,1,1,202210,1,3.007126477817293
2025-06-01,2025-06-30,30,county,5,854,FALSE,"Johnson County, IN",NA,Indiana,IN,Single Family Residential,6,351979,0.08334564481,0.03523235294,345000,-0.04696132597,0.09004739336,157.946406883,-0.04362835886,0.01787218623,160.016614869,-0.01444216728,-0.006619029117,250,0.02880658436,0.1312217195,245,-0.118705036,0.07929515419,288,-0.02040816327,0.2857142857,466,0.1534653465,0.2230971129,1.9,0.2,0.2,14,-2,1,0.9747532342,-0.008142607129,-0.00629327858,0.136,-0.07387654321,-0.04499547511,0.4678111588,0.04454383207,0.06361168373,0.4571428571,-0.01408016444,-0.05387035872,"Indianapolis, IN",26900,2026-04-14 14:25:48.665 Z,2025,6,Johnson,entry,suburb,6.82,87227,163983,342,177,7,260500,470955,1550000,526,3.8200000000000003,1839.4646917262025,0.25305898747766664,0,1,1,1,202506,4,3.207649573431392
2022-11-01,2022-11-30,30,county,5,842,FALSE,"Hamilton County, IN",NA,Indiana,IN,Single Family Residential,6,411250,-0.03235294118,0.1229972079,399450,-0.00112528132,0.1412857143,157.687640099,-0.01683969009,0.1277731201,160.914318251,0.01776731798,0.1180326832,494,-0.0572519084,-0.2593703148,417,-0.194980695,-0.2486486486,356,-0.1872146119,-0.1483253589,740,-0.075,1.569444444,1.5,0,1.1,18,8,13,0.9893985765,-0.005062570192,-0.02327100904,0.2145748988,-0.05832586457,-0.2621867204,0.4202702703,-0.03722972973,0.1320758258,0.3213429257,-0.1130200087,-0.300278696,"Indianapolis, IN",26900,2026-04-14 14:25:48.665 Z,2022,11,Hamilton,mid_luxury,suburb,6.81,117957,357176,316,442,10,286250,493157.5,1190000,768,3.8099999999999996,2147.0258368689756,0.21842120469686163,0,1,1,1,202211,2,2.150200461397182
2021-06-01,2021-06-30,30,county,5,819,FALSE,"Boone County, IN",NA,Indiana,IN,Single Family Residential,6,362500,0.08299474187,0.272063726,385875,0.1025157502,0.1696726281,133.875285238,0.01586238877,0.1865355989,139.823925427,0.04595754383,0.09551980761,140,0.09375,-0.08496732026,146,0.0977443609,-0.1843575419,154,0.2727272727,-0.006451612903,99,0.32,-0.4342857143,0.7,0.1,-0.4,4,0,-9,1.018392472,0.007242432154,0.03414635782,0.55,0.003125,0.3735294118,0.2121212121,-0.01454545455,-0.1421645022,0.7397260274,0.02544031311,0.2313461391,"Indianapolis, IN",26900,2026-04-14 14:25:48.665 Z,2021,6,Boone,entry,suburb,2.98,104865,72827,145,87,4,250000,510000,1483250,236,-0.020000000000000018,1219.525839189186,0.1395538079461234,0,0,1,0,202106,1,3.240556387054252
2021-08-01,2021-08-31,30,county,5,842,FALSE,"Hamilton County, IN",NA,Indiana,IN,Single Family Residential,6,354500,-0.03261017874,0.08743999141,350000,0.01644462192,0.0609275538,135.648165376,0.01150906722,0.1572264471,141.050692068,0.03048371564,0.1884477231,746,-0.04358974359,-0.09356014581,775,0.04306864065,-0.07517899761,631,-0.1100141044,0.06050420168,408,-0.1244635193,-0.3703703704,0.5,-0.1,-0.3,5,0,-5,1.017040872,-0.008622478647,0.02473009036,0.5294906166,-0.0615350244,0.2670361816,0.4117647059,0.09845998485,-0.07588961511,0.6787096774,0.01249164243,0.1631965509,"Indianapolis, IN",26900,2026-04-14 14:25:48.665 Z,2021,8,Hamilton,entry,suburb,2.84,117957,357176,700,418,23,274880,475964.5,1287500,1141,-0.16000000000000014,1171.3361294344202,0.11916235198600374,0,0,1,0,202108,2,3.194503550070553
2023-05-01,2023-05-31,30,county,5,845,FALSE,"Hendricks County, IN",NA,Indiana,IN,Single Family Residential,6,326500,-0.006844106464,-0.01359516616,334500,0.01394361928,-0.01617647059,157.864523536,0.03474301246,0.05732518089,154.859967051,-0.02203897423,0.03102856835,230,0.3068181818,-0.08366533865,249,0.09691629956,-0.2242990654,235,0.2303664921,-0.2679127726,224,0.1313131313,0.07177033493,1,-0.1,0.2,7,-4,3,1.003453702,0.01905420671,-0.02608787772,0.3913043478,0.1981225296,-0.2142733414,0.3839285714,0.0707972583,0.1159859877,0.6385542169,0.06146170585,-0.1059940697,"Indianapolis, IN",26900,2026-04-14 14:25:48.665 Z,2023,5,Hendricks,entry,suburb,6.43,99988,179379,336,149,1,280000,460000,1800000,486,3.4299999999999997,1638.9555929841422,0.19669827495109118,0,1,1,1,202305,3,2.7093472480056193
2024-06-01,2024-06-30,30,county,5,819,FALSE,"Boone County, IN",NA,Indiana,IN,Single Family Residential,6,423750,0.05938824235,0.1770833333,399999.5,-0.06213481829,0.006288050314,168.619557651,0.04048655954,0.05466404712,162.715988861,-0.03652154296,0.02096470357,120,-0.2052980132,-0.1044776119,126,-0.02325581395,-0.03076923077,117,-0.1642857143,-0.22,181,0.01117318436,0.005555555556,1.5,0.3,0.2,15,-1,-3,0.9881472399,-0.003843912078,-0.01189321903,0.2833333333,0.07141280353,0.04452736318,0.4640883978,0.1065464983,0.1974217311,0.4047619048,-0.06810631229,-0.02600732601,"Indianapolis, IN",26900,2026-04-14 14:25:48.665 Z,2024,6,Boone,mid_luxury,suburb,6.92,104865,72827,120,82,6,276450,525000,1721000,208,3.92,2237.1912498098686,0.25600815331825133,0,1,1,1,202406,1,2.856083595369849
2022-08-01,2022-08-31,30,county,5,842,FALSE,"Hamilton County, IN",NA,Indiana,IN,Single Family Residential,6,410000,-0.03506707461,0.1565585331,399450,-0.01613300493,0.1412857143,161.069648261,0.02628448449,0.1874074951,159.950309564,0.004218772022,0.133991668,638,-0.0576070901,-0.144772118,707,0.09953343701,-0.08774193548,583,-0.1139817629,-0.07606973059,727,-0.06072351421,0.7818627451,1.1,0,0.6,7,2,2,1.003998616,-0.01389899024,-0.01304225639,0.3526645768,-0.1997726462,-0.1768260398,0.4690508941,0.01814650132,0.0572861882,0.5261669024,-0.03992952061,-0.152542775,"Indianapolis, IN",26900,2026-04-14 14:25:48.665 Z,2022,8,Hamilton,mid_luxury,suburb,5.22,117957,357176,894,968,39,298024.5,489995,1233500,1901,2.2199999999999998,1805.1382636144197,0.1836403025117037,0,1,1,1,202208,2,5.322306089994848
2021-01-01,2021-01-31,30,county,5,819,FALSE,"Boone County, IN",NA,Indiana,IN,Single Family Residential,6,300750,-0.1414710177,0.3492476514,321190,0.07063333333,0.07457343593,123.299319728,0.0110360733,0.1935776599,134.39007581,0.03530132476,0.1526668382,73,-0.27,0.04285714286,92,0.08235294118,-0.1153846154,69,0.5,-0.1976744186,76,-0.1648351648,-0.6561085973,1,0.1,-2.2,19,-13,-32,0.9823736883,-6.839652795e-4,0.01996124017,0.1780821918,0.01808219178,0.07808219178,0.3157894737,0.03007518797,0.08954512979,0.4673913043,0.05562659847,0.2173913043,"Indianapolis, IN",26900,2026-04-14 14:25:48.665 Z,2021,1,Boone,entry,suburb,2.74,104865,72827,126,36,1,234291,480207.5,1150000,163,-0.2599999999999998,980.9543314630937,0.11225339224295165,0,0,1,0,202101,1,2.2381808944484876
2022-02-01,2022-02-28,30,county,5,842,FALSE,"Hamilton County, IN",NA,Indiana,IN,Single Family Residential,6,380000,0.04109589041,0.1411411411,375000,0,0.1368976337,148.522436643,-0.001065671685,0.2116721764,153.244762391,0.02166819142,0.1869256837,390,0.1370262391,-0.1612903226,444,0.02068965517,-0.08641975309,354,-0.0406504065,-0.056,232,-0.04132231405,-0.3813333333,0.6,-0.1,-0.2,4,-2,-9,1.025303222,0.01522995304,0.02929529136,0.5256410256,0.06208417433,0.2288668321,0.150862069,-0.01855941864,-0.003804597701,0.6644144144,0.01843740292,0.086225114,"Indianapolis, IN",26900,2026-04-14 14:25:48.665 Z,2022,2,Hamilton,entry,suburb,3.76,117957,357176,1363,1087,24,280900,474125,1899900,2474,0.7599999999999998,1409.5969651834184,0.1434011002500998,0,0,1,0,202202,2,6.926557215490402
2023-03-01,2023-03-31,30,county,5,862,FALSE,"Marion County, IN",NA,Indiana,IN,Single Family Residential,6,233500,0.0152173913,0.06136363636,239900,0.0526546731,0.05219298246,127.599243856,0.01616160558,0.05332339702,133.649720609,0.004764452352,0.02501854251,1050,0.4075067024,-0.1379310345,1285,0.2415458937,-0.1473125415,1058,0.2824242424,-0.1996974281,1310,-0.07355021216,0.528588098,1.2,-0.7,0.5,22,-19,16,0.9803199475,0.007028078177,-0.03279525966,0.2371428571,0.05885867484,-0.2456157635,0.3564885496,0.02126931341,0.03326801286,0.4941634241,0.05068516325,-0.1740515726,"Indianapolis, IN",26900,2026-04-14 14:25:48.665 Z,2023,3,Marion,entry,metro,6.54,63450,971822,1507,175,17,189000,463000,1385000,1699,3.54,1185.6213134891927,0.22423098127455182,0,1,0,0,202303,5,1.7482625419058222
2025-06-01,2025-06-30,30,county,5,819,FALSE,"Boone County, IN",NA,Indiana,IN,Single Family Residential,6,454700,0.04528735632,0.07303834808,436000,0.09027256814,0.0900013625,178.571428571,0.0188542422,0.05901967161,173.59134889,-0.003551373365,0.06683645599,139,0.2752293578,0.1583333333,124,-0.2,-0.01587301587,120,-0.25,0.02564102564,234,0.03083700441,0.2928176796,1.7,-0.4,0.2,9,0,-6,0.995647649,-0.001558650162,0.007500409055,0.273381295,-0.02937099861,-0.009952038369,0.3888888889,0.02325012237,-0.0751995089,0.4596774194,-0.06290322581,0.05491551459,"Indianapolis, IN",26900,2026-04-14 14:25:48.665 Z,2025,6,Boone,mid_luxury,suburb,6.82,104865,72827,112,116,22,298000,492450,1500000,250,3.8200000000000003,2376.2911859170695,0.27192575436041416,0,1,1,1,202506,1,3.4327927828964535
2024-07-01,2024-07-31,30,county,5,842,FALSE,"Hamilton County, IN",NA,Indiana,IN,Single Family Residential,6,465000,0.03333333333,-0.02105263158,425000,-0.04279279279,0,175.189393939,0.03708686012,0.06232782369,177.794452472,0.0302703018,0.074158094,558,0.003597122302,0.09626719057,550,-0.04513888889,0.05973025048,571,0.05740740741,0.1945606695,787,0.1242857143,0.3663194444,1.4,0.1,0.3,10,0,1,0.9935079887,-0.002414217365,-0.003212965349,0.2849462366,-0.03160052603,-0.02743097366,0.4015247776,0.03438192049,-0.03076688903,0.48,-0.06340277778,-0.08262042389,"Indianapolis, IN",26900,2026-04-14 14:25:48.665 Z,2024,7,Hamilton,mid_luxury,suburb,6.85,117957,357176,1129,1448,110,294000,500000,1325000,2687,3.8499999999999996,2437.5642736286645,0.24797825719155264,0,1,1,1,202407,2,7.522901874706028
2021-10-01,2021-10-31,30,county,5,862,FALSE,"Marion County, IN",NA,Indiana,IN,Single Family Residential,6,217000,-0.01363636364,0.1830416164,217000,0.05853658537,0.1736073553,116.990240023,0.00322362084,0.1569348271,118.918918919,0.02081737055,0.1669229103,1395,-0.05166553365,-0.08102766798,1675,0.03908188586,0.04296388543,1470,-0.04296875,-0.01672240803,1524,-0.0161394448,-0.1443009545,1.1,0,-0.1,6,0,-1,1.007919094,0.002811659253,0.01905608199,0.4716845878,0.01757173941,0.1436213467,0.3832020997,0.001665624592,-0.07047560941,0.6089552239,-0.01635494982,0.03859407818,"Indianapolis, IN",26900,2026-04-14 14:25:48.665 Z,2021,10,Marion,entry,metro,3.07,63450,971822,2010,199,14,178500,465000,1622500,2223,0.06999999999999984,738.4747468383017,0.13966425472119182,0,0,0,0,202110,5,2.2874559332881947
2025-05-01,2025-05-31,30,county,5,819,FALSE,"Boone County, IN",NA,Indiana,IN,Single Family Residential,6,435000,0.06097560976,0.08751359392,399900,-0.09102790674,-0.06236811254,175.266903915,-0.00743584941,0.0815047815,174.210033764,-0.06072241581,0.03153731668,109,0.101010101,-0.2781456954,155,0.1231884058,0.2015503876,160,0.1267605634,0.1428571429,227,0.1641025641,0.2681564246,2.1,0.1,0.9,9,-10,-7,0.9972062991,0.01018499093,0.005215147139,0.3027522936,0.06032805115,0.09083176378,0.3656387665,0.09897209985,0.008096867078,0.5225806452,0.0443197756,0.04971242811,"Indianapolis, IN",26900,2026-04-14 14:25:48.665 Z,2025,5,Boone,mid_luxury,suburb,6.82,104865,72827,97,87,11,276485,562590,1850000,195,3.8200000000000003,2273.3377300944035,0.26014449779366655,0,1,1,1,202505,1,2.6775783706592335
2021-07-01,2021-07-31,30,county,5,845,FALSE,"Hendricks County, IN",NA,Indiana,IN,Single Family Residential,6,288000,0.02820421278,0.1557446125,277500,-0.02631578947,0.1194029851,127.701375246,-0.01087839386,0.15750002,132.721058239,0.03662131803,0.1724539037,319,0.09621993127,-0.01543209877,331,-0.0178041543,-0.03498542274,357,0.1226415094,0.06886227545,198,0.4042553191,-0.3850931677,0.6,0.1,-0.4,4,0,-2,1.029966523,7.152877317e-4,0.03407102533,0.6363636364,0.0315526398,0.3246352413,0.2626262626,-0.05652267354,-0.09762218458,0.7975830816,0.002330856052,0.1561836647,"Indianapolis, IN",26900,2026-04-14 14:25:48.665 Z,2021,7,Hendricks,entry,suburb,2.87,99988,179379,630,130,0,260000,426000,0,760,-0.1299999999999999,955.2966119862136,0.11464935136050888,0,0,1,0,202107,3,4.236839317868871
2021-07-01,2021-07-31,30,county,5,842,FALSE,"Hamilton County, IN",NA,Indiana,IN,Single Family Residential,6,366450,-0.009594594595,0.09388059701,344337.5,-0.01603800543,0.1289754098,134.104744852,-0.01791903355,0.1662786843,136.878137837,0.0333475173,0.1417102222,780,0.02228047182,-0.1621911923,743,-0.09500609013,-0.2120890774,709,-0.08279430789,-0.09566326531,466,0.106888361,-0.429620563,0.6,0,-0.3,5,1,-6,1.025663351,-0.004234734351,0.03414375474,0.591025641,0.006490909702,0.3310900879,0.313304721,-0.01211095593,-0.08082012597,0.666218035,-0.09870279326,0.1423580138,"Indianapolis, IN",26900,2026-04-14 14:25:48.665 Z,2021,7,Hamilton,entry,suburb,2.87,117957,357176,950,604,40,270020,477680,1587500,1594,-0.1299999999999999,1215.5154286887082,0.12365679988694607,0,0,1,0,202107,2,4.462785853472798
2022-03-01,2022-03-31,30,county,5,819,FALSE,"Boone County, IN",NA,Indiana,IN,Single Family Residential,6,401000,0.1457142857,0.2686059571,349500,-0.01521555368,-0.001285897985,148.545608585,0.03481448249,0.1547245614,156.289368222,0.01464050163,0.1863808488,101,0.3466666667,-0.09821428571,142,0.4059405941,0.3396226415,123,0.2947368421,0.1714285714,142,0.02898550725,0.8933333333,1.4,-0.4,0.7,4,-12,-7,1.020006933,0.02053112068,0.02509009023,0.4059405941,0.03260726073,0.1112977369,0.1197183099,0.05450091855,-0.02694835681,0.5915492958,-0.05201506066,-0.05939410045,"Indianapolis, IN",26900,2026-04-14 14:25:48.665 Z,2022,3,Boone,mid_luxury,suburb,4.17,104865,72827,159,77,5,250000,590000,1350000,241,1.17,1563.155093031214,0.17887628013516968,0,0,1,0,202203,1,3.3092122427121806
2022-03-01,2022-03-31,30,county,5,845,FALSE,"Hendricks County, IN",NA,Indiana,IN,Single Family Residential,6,330000,0.1379310345,0.1978221416,319995,0.0203190141,0.207984145,145.545526524,-0.01599849784,0.2235457816,145.545526524,0.001520055559,0.2274963204,213,0.1329787234,0.08673469388,273,0.3448275862,0.03802281369,247,0.3571428571,0.1706161137,164,0.07894736842,0.8021978022,0.8,0,0.3,4,-1,0,1.020531628,0.01548112215,0.01281960095,0.544600939,0.08183498152,0.1211315512,0.1768292683,0.07814505777,-0.07591798445,0.6886446886,0.03839838323,-0.04519561554,"Indianapolis, IN",26900,2026-04-14 14:25:48.665 Z,2022,3,Hendricks,entry,suburb,4.17,99988,179379,386,148,0,250750,444900,0,534,1.17,1286.3869842900265,0.15438496431052043,0,0,1,0,202203,3,2.9769370996604954
2021-01-01,2021-01-31,30,county,5,862,FALSE,"Marion County, IN",NA,Indiana,IN,Single Family Residential,6,181500,-0.02419354839,0.1766612642,175000,-0.01685393258,0.09443402126,100.352893414,-0.004962464536,0.2122509084,102.30574853,-0.0298669419,0.120801831,912,-0.3481057898,0.09879518072,1308,0.1493848858,0.0234741784,917,0.1237745098,-0.0182012848,1159,-0.1607530775,-0.3778851315,1.3,0.3,-0.9,13,2,-20,0.9824553511,-9.777888505e-4,0.01540829304,0.2796052632,-0.003454064934,0.1494847812,0.3718723037,0.05760727837,-0.001718678577,0.4671253823,0.006668440259,0.1267497954,"Indianapolis, IN",26900,2026-04-14 14:25:48.665 Z,2021,1,Marion,entry,metro,2.74,63450,971822,1281,85,4,160000,485000,1791250,1370,-0.2599999999999998,591.9973770924406,0.11196167888273109,0,0,0,0,202101,5,1.4097231797592564
2024-08-01,2024-08-31,30,county,5,854,FALSE,"Johnson County, IN",NA,Indiana,IN,Single Family Residential,6,321000,0.0496353253,0.01719084211,329999,0.03936692913,0.1000003333,155.953200275,-0.04282089951,0.01530687269,169.390320553,0.0447474901,0.09562160358,197,-0.07943925234,-0.07943925234,257,0.06198347107,0.1524663677,275,0.1410788382,0.2790697674,432,0.08270676692,0.4896551724,2.2,0.3,0.8,20,6,6,0.9824880839,-0.005483975458,-0.006375503345,0.1979695431,-0.04969400825,-0.007637933488,0.4537037037,-0.06008075745,-0.0187100894,0.4435797665,0.005563237611,-0.04520947113,"Indianapolis, IN",26900,2026-04-14 14:25:48.665 Z,2024,8,Johnson,entry,suburb,6.5,87227,163983,271,95,7,229000,450753,1375000,373,3.5,1623.150684329935,0.2233002191060018,0,1,1,1,202408,4,2.274626028307812
2021-07-01,2021-07-31,30,county,5,862,FALSE,"Marion County, IN",NA,Indiana,IN,Single Family Residential,6,219900,0.02279069767,0.1909823302,205000,-0.02334444974,0.07951553449,116.729088639,0.001924677486,0.1915472405,113.432391736,0.004163299955,0.115640983,1578,-0.05282112845,-0.006922592826,1635,-0.0532715692,-0.03139810427,1688,0.03494788473,0.1374663073,1486,0.1756329114,-0.0425257732,0.9,0.1,-0.1,5,1,-2,1.016805146,-0.003051838177,0.0270207709,0.5190114068,-0.02720708055,0.1961668505,0.3862718708,-0.007715470978,0.04091104605,0.6788990826,-0.01768458854,0.09773794513,"Indianapolis, IN",26900,2026-04-14 14:25:48.665 Z,2021,7,Marion,entry,metro,2.87,63450,971822,2023,225,15,184900,475000,1715000,2263,-0.1299999999999999,729.4087672769735,0.13794964865758366,0,0,0,0,202107,5,2.328615734157078
2021-11-01,2021-11-30,30,county,5,862,FALSE,"Marion County, IN",NA,Indiana,IN,Single Family Residential,6,215000,-0.009216589862,0.1497326203,204000,-0.0599078341,0.1623931624,115.107913669,-0.01608960161,0.1572182254,118.286223018,-0.005320397347,0.1916835756,1493,0.07025089606,0.1234010534,1520,-0.09253731343,0.06442577031,1199,-0.1843537415,0.09298085688,1363,-0.1056430446,-0.1491885144,0.9,-0.2,-0.3,6,0,-1,1.003039511,-0.004879582653,0.01642579901,0.4286671132,-0.04301747462,0.1299462705,0.3587674248,-0.02443467494,-0.05883557146,0.5611842105,-0.04777101335,0.04297692761,"Indianapolis, IN",26900,2026-04-14 14:25:48.665 Z,2021,11,Marion,entry,metro,3.07,63450,971822,1908,193,7,180000,464000,1400000,2108,0.06999999999999984,731.6685279734324,0.13837702656707943,0,0,0,0,202111,5,2.169121505790155
2021-07-01,2021-07-31,30,county,5,819,FALSE,"Boone County, IN",NA,Indiana,IN,Single Family Residential,6,398000,0.09793103448,0.2728464749,364950,-0.05422740525,0.1318033804,142.375026366,0.06348999453,0.2153132251,133.553833593,-0.0448427679,0.1060336536,135,-0.03571428571,-0.1717791411,160,0.09589041096,0.06666666667,163,0.05844155844,0.1560283688,125,0.2626262626,-0.3386243386,0.9,0.2,-0.3,5,1,-15,1.015636129,-0.002756342524,0.03646658618,0.437037037,-0.112962963,0.246852988,0.256,0.04387878788,-0.08791534392,0.66875,-0.0709760274,0.2020833333,"Indianapolis, IN",26900,2026-04-14 14:25:48.665 Z,2021,7,Boone,mid_luxury,suburb,2.87,104865,72827,143,102,13,223500,465000,1350000,258,-0.1299999999999999,1320.1668457309481,0.1510704443691544,0,0,1,0,202107,1,3.54264215194914
